w1,w2,L1_1,L2_1,a_1,L1_2,L2_2,a_2,y
0,9.592428616059934,0,-0.4156794360289815,0,1,-0.12320537330836204,0,0.9773711545806334
1,8.025205635605143,1,0.3271899354836821,0,0,1.0475551805069978,0,0.5193337934770335
0,16.107140224299616,0,-0.38051776937870174,0,0,0.45155782076628803,1,-0.8161817197462765
1,15.004245210425292,0,1.379270099147326,0,1,0.2351547861193508,0,3.6066315090101995
1,5.963333850685196,0,0.2437692136130012,0,0,-1.7327070306696772,0,-0.16482555484188688
0,11.619410196602853,0,-0.4990742141304494,0,1,1.822445952206404,0,3.5454855907653178
1,8.416208708974004,1,-1.712730876995588,0,0,-1.4071788599946813,1,1.7055650295777138
1,3.7169957178321447,0,-0.5965111487177179,1,0,-0.3936989313545899,1,-2.0950681269728744
1,12.600480524752573,1,2.182023657380342,1,0,0.9050599443297667,0,1.0570523702648729
0,11.683153162965647,1,-0.4439308895014084,0,0,0.8054504839383311,0,3.1681429408402138
1,11.610522929947676,1,-0.7098940765533812,0,0,1.2356879476977438,0,2.1936823365458142
0,12.86461016720493,0,0.7815936044498966,0,1,2.4381098106703485,1,0.4102497472492067
1,15.52986065758635,0,0.6065917314187973,1,1,-1.4717366847630984,1,-1.950899613544892
1,12.822390017933547,0,0.8898529567706107,1,1,-0.23243114168334666,0,1.5290646429479895
0,9.534256628505887,0,-0.18263251887027832,0,0,0.010501649205300556,0,1.5283754896587716
1,9.060802992314876,0,1.2232622461828206,1,0,1.8007110754916624,1,-0.5314100176601562
0,11.472788827835275,1,-1.057880971919657,0,0,-1.4870416002514042,0,2.13188440096983
0,13.240067946315808,0,0.08352391148949911,0,1,-0.6426247109913654,0,3.893510248253225
0,7.841278589191834,1,-0.6257275513260384,0,1,-0.31752882909827673,0,2.7208409323045704
1,11.262764524630464,0,0.803386283263488,1,1,-0.23662922309773504,1,0.4253619002939243
1,15.869069040671654,0,0.29869745180885277,1,0,2.2908924443199226,1,-0.075240194503383
1,11.566879635062055,1,1.235376878120757,0,1,-0.4844497254284599,0,3.0757167194062096
1,9.20631732962244,0,2.16056404227757,0,0,2.751419422973908,1,0.023600833139326954
1,10.89621932629784,0,0.25961772498796243,0,0,-1.6377472884792241,1,-0.5915644317547001
1,16.45859418144792,1,-0.36003071038390316,0,0,-0.6997676857573397,1,0.3805868226849365
1,14.200175844856544,1,-0.6715149680701383,1,1,0.7448240745360457,1,-1.3312812178034275
1,16.94670320032642,1,-0.0835669502273805,1,0,0.997668656097322,1,-1.5013804334729852
1,12.556391428647084,1,0.065962077926093,0,1,-1.2183346558873571,0,1.92131098712186
0,13.6411003859617,0,2.128212918580192,0,0,0.7885258861452618,0,1.1201696724467762
0,9.76617235060747,1,-1.0314478192316938,0,0,-0.8756802559848452,0,1.8971637723716739
1,14.421482675721332,1,-0.9390026097676688,1,1,-1.9577644217567198,1,0.058911981717177264
1,9.974665831243042,0,-0.2982200320053485,0,0,0.1972967411357375,0,0.954479805453986
1,6.3177379812170225,0,0.6607368433104829,0,1,-0.27002426077254404,0,1.8297580046896498
1,12.511971862736504,0,0.9562315783647722,0,0,-0.5387717189777548,1,-1.59753945132473
0,19.783404870925743,1,-0.7101006505325892,1,1,-1.142435369720158,0,3.0847291388148355
0,15.203657358292247,0,0.2790751799325109,0,1,-0.7930988792812834,0,2.4045714576564774
1,16.66101355978504,0,0.13371715770027393,0,0,1.376969260620227,1,2.272013820362616
0,13.435422892372609,0,1.3295606993494924,0,0,1.1291093478920757,0,2.6111735948819073
0,9.565771286735103,0,1.1848499493694045,0,0,1.2426669583367047,0,4.064970268138159
0,11.191036579558865,1,-0.20037032863893223,1,1,1.0921313670491266,1,0.08241661849670712
0,10.907007572752299,0,0.1550638423894426,1,0,1.9219551605338827,1,-0.7045730848278237
0,10.125200880871652,0,0.7539746222102596,1,0,0.6022764132064556,1,0.15504036612424799
0,14.816669135718863,0,-1.5053259452397774,0,0,-1.023823053102607,0,2.8068516169554094
0,7.210545990538353,0,-0.2381655055746622,0,0,1.1430376363671282,0,1.3941421529125604
0,15.465464528451093,0,0.7295275292869925,1,0,0.5097199297248532,1,0.3607404630660146
0,15.456609944903573,1,-0.36866605493108273,0,0,-1.2577258205892532,0,2.9249895381525173
0,7.2055105637250065,0,0.01213690428906155,0,1,1.0783923760878582,0,2.709147205301774
0,14.557967991602133,0,0.1245721444823144,0,0,-1.2544827152314966,1,-0.15156332481117313
0,21.720906609378034,0,-0.5064441482225321,0,0,-0.5344882112785664,0,3.014966418108728
1,9.771138072233567,1,-0.8867684554560555,0,1,-1.2012121525571842,0,2.815734185619911
0,15.379616965632287,0,-0.04607106534180502,0,0,-0.4150192320531785,0,3.57964533539132
0,8.871192617522386,0,-0.25831589663186183,0,0,-2.923212724605705,1,-0.3996320388233344
1,16.442845672811202,1,1.0085235223895654,0,0,0.5760517369103496,1,-0.2473799409718812
0,12.99929887970625,0,1.6598752012919853,0,0,3.0561811208150034,1,1.664978999765069
1,18.60766156649266,0,0.1841542362982794,0,0,-0.10863980307007637,0,2.7889315491379376
0,6.164117085852338,1,0.4603131633500699,0,0,-0.09708885099934583,0,2.734365570164447
0,11.794808455498554,0,0.04753277064925644,0,0,-0.500658627534228,1,-1.5220769299638803
1,9.892299295497608,1,0.7102828368361073,0,0,-0.07553346390979432,0,1.0299630832516704
1,11.210940523694804,1,0.3406048675157455,1,1,0.3887359765936939,1,-0.05850231097398162
0,9.48168502925598,1,0.33141235215276843,1,0,0.8190099105329554,1,-2.2309644979970398
1,8.664625677859998,1,1.2095613843946027,0,1,2.7349133912798145,0,5.362136415634881
0,14.3148894984658,0,-0.8442722544107967,1,0,-2.4672146479337194,1,-1.9037510381515275
0,7.6496771436922915,0,1.5243607845624174,0,0,1.996210886683006,1,0.6114206023333121
0,17.936123726225134,0,0.5284736494420805,1,0,0.3546009267411144,1,-1.8534416970357581
1,7.255173658744997,0,0.2633737472996447,0,1,0.6112115024594132,0,4.25281111149001
0,12.40431660558112,1,-0.43619868507476756,0,0,-1.3438727874452425,0,2.6974725343513595
1,14.131957147305922,0,-0.012558020109470241,0,0,0.16427296897503624,0,1.73214320973145
1,14.3469413563705,1,0.5271542179941486,0,1,-0.4929901555798769,0,2.7972278191224773
1,10.79301334453448,0,-1.9457841239530769,1,1,-1.38815071411987,0,0.2911940271779122
0,12.318007981313604,0,-0.47834186902495646,0,0,-1.301351605942808,1,-1.7479180370099372
1,15.84505660723871,1,0.7544421783781967,1,0,0.7664400230184929,1,-1.541665137424318
1,6.174136331694297,1,-0.22274042303483194,0,0,-2.2982317366470477,0,0.04634799749858076
1,8.873041153871672,0,-0.701797133945546,0,0,-0.2960998613137522,0,2.7694290394475374
0,13.28160925726644,0,-0.5028784385623257,1,1,0.5376605517119301,0,2.3019018243160105
0,10.220872086652033,0,0.33795775328056377,0,0,1.2063293509219797,0,1.892964770815187
0,17.480015975884,1,-1.4600322250886684,0,0,-0.2315590830185259,1,0.4454319195093656
0,14.693015453419342,0,1.0181593951163999,1,0,-0.3908532488108971,0,2.4633963609292664
1,12.288667009659024,0,-2.036048004339358,0,1,-2.092462720816154,1,-0.9938290976773099
0,5.96897072985328,1,-0.443649815017026,0,0,-0.45366109573690716,1,0.10556815653372603
0,12.104400901304967,0,-0.6661384699604368,0,0,0.17510118774778283,0,1.311094915953684
0,10.734336527212028,1,-1.1412568442762987,0,0,-1.2016953555427368,1,0.5497483776436377
1,11.590613945917609,0,-0.9520012006537779,1,0,-1.2493739772097552,1,-0.023873137860466853
0,7.273763091777258,0,0.32281498452337476,0,1,2.0736808655535737,0,2.104736285786804
1,13.994632175319698,0,0.030172290537316862,1,1,1.051053740319119,0,2.26650365324216
0,7.844174238771868,0,-0.22241089006514153,1,0,-2.100413777349205,0,-1.8412222211501845
0,11.09511207423036,0,-2.209812654839552,0,0,-2.4834723270921426,0,1.9366620755960677
1,13.525703317805409,1,-1.1790636783177317,1,0,-2.2459648325375112,1,-0.972223119165492
1,8.865936843947807,0,-0.03264774402322462,0,0,3.017596657700558,0,2.7157463949802003
1,14.331965622720258,0,-0.7247154967858574,1,0,-1.2857303719049598,1,0.20238462148577496
0,6.733958393393229,0,-0.729429346377076,0,0,0.48595002099600926,0,0.8170234190721434
0,0.7609012841578338,1,1.057149725839281,0,1,1.1610299877267487,0,3.1076717327242602
1,13.85987196314341,1,0.3241870681487753,0,0,0.5616159979250074,0,1.337633483971819
0,15.362159307844,0,-0.8902230285603302,0,1,-0.24136448644416686,0,1.252978473984103
1,10.856618305634465,0,-0.3501298319458697,0,0,-0.394207146558571,0,4.012732672610466
0,14.016505018366432,1,-0.1447384313672052,0,1,0.8283636148760157,0,3.7837614805157607
0,7.376333899665314,0,-0.6065318422384502,0,0,0.02705527024198362,0,2.506519349460787
1,11.491405572697351,0,-0.8391395547675908,0,1,-2.419321444748127,1,0.49649322496065795
0,4.233926495837529,0,-0.009464817042018903,0,1,-0.5227378646676771,0,1.5101334214631097
0,16.724723565754086,0,0.9084419551773033,0,0,0.5523360675242491,0,3.791617380981056
1,19.439643446172646,0,0.4312484380290217,0,0,0.10954054615698705,0,4.201840158012282
1,16.296049041127958,0,-0.027186522304481542,0,1,1.1910588533266433,0,1.5061276226086646
0,11.890612134345032,1,0.5067263661122733,0,0,2.1126595218300643,0,1.4685667567464544
0,11.866678630896322,0,0.9125851533604606,1,1,-0.09054900961764167,1,-1.144038532094407
1,5.935729507395603,0,-0.07115666317440757,0,1,0.5196360976021329,0,2.4233318045168994
0,15.161541375552911,0,0.6074206127014035,0,0,-0.41073189957290024,0,0.08986416867226232
1,11.157063277232897,0,-1.024002274313635,0,0,-1.4795120182289268,0,1.4623744435380568
1,9.373028298555699,1,-0.14592040518331356,0,0,0.23627542143036898,0,0.3337071058556609
1,6.3518968293667655,0,-0.3467793072003741,1,0,-0.6821831280212215,1,-2.036438643140623
0,10.800950013414912,1,0.30367400369418995,0,0,-0.26876669929442465,0,0.419351188079258
0,8.603755459933167,0,0.4433570684423158,1,0,-0.9280539186951466,1,-0.14478318457927886
1,10.411877918688653,0,-0.009499199810451081,0,0,-0.2271469573103843,0,1.5197232987962417
0,7.12960004894561,0,-0.6949182223003454,0,0,-0.5711241760417239,1,-0.5959706923098796
0,18.750357931782794,0,-0.7422106374668906,1,0,-0.1924732456840631,0,3.328636338083892
1,11.935989891168125,0,0.40788050951376054,0,0,-0.3585764149370887,1,-0.9429311909413632
1,16.29978030908954,0,1.5298346553663138,1,0,2.0695884212481115,0,0.29733511053776085
0,1.5932013189693919,1,-0.7712035817400011,0,0,-1.9191111394218807,0,0.15613315280551665
1,10.18720868002065,0,-0.2729265854969881,0,0,-0.7271665207766616,0,1.0205656413813826
1,9.298070833631716,1,0.4336612685882599,0,0,0.9670191467931579,0,2.2735675271303895
1,7.108295282536347,0,-0.4735374972374664,0,0,-1.104970018597272,0,0.9740536518714382
0,18.18643661689638,0,0.30343668098941656,0,0,-0.2942950618069513,1,-0.6514084758691044
1,6.3388723209220394,0,0.02579260623086016,0,0,0.03184866951951657,0,1.2562769150816635
0,13.273561041632101,0,-0.6435159801503616,0,0,-0.4753458041422606,1,0.8288335253182044
0,15.385745142318768,1,0.9852987025614992,0,0,2.0736381127222376,0,1.609882040127028
0,12.712760753672093,1,0.9734354447596911,0,0,0.8671770320406972,0,3.4456866359632956
0,8.498978090017937,0,1.1091292875573804,0,1,-0.5066690145421904,1,0.8560940877737163
1,15.764663226896669,1,1.4356432184513426,1,0,0.7274517519067202,0,3.022437292836279
0,12.682352327363352,0,-0.3795382646489419,0,0,-0.8831852097228902,0,1.7637392703417025
0,7.746008374471827,0,-0.38702181276358705,0,0,-1.2418893183228454,0,1.948831424748573
0,6.447803809591754,0,0.3256960385876577,1,0,0.512077778893602,0,-0.12599663514931891
1,20.34686973797259,1,0.8435496739313508,0,0,3.5387834673708514,0,3.2858394146494794
1,9.28598741832625,0,-0.2367662820416412,0,1,0.6402610635617052,0,1.2027788796152064
1,4.577713384327839,0,-0.3675676745572027,0,0,-0.48663010042020294,0,2.2359247607928587
1,14.133037451014609,1,-0.4669411530445059,1,0,-0.0319435944546731,0,-0.24134495819845148
1,13.240921024243582,0,1.6246111009691784,0,1,3.1897885519785305,0,3.7767375283814477
1,6.5846626571096065,0,-2.4323197254703794,1,1,-2.8857402760694897,0,-0.402327455941498
1,4.228174345672199,0,-0.11529629032715775,1,1,0.38146592365547377,1,-2.3388302836618275
1,11.534789931365578,0,0.1635607763671899,1,1,0.6308077921402099,1,0.9505582231806263
1,16.55758516683769,0,-0.8840337513251928,0,0,-0.8510927254518683,1,0.392498201693253
1,14.544496140728594,0,0.5408708562279236,0,1,0.7328618242724727,0,3.134332348932631
0,10.02825030335209,0,-1.8668051807765855,0,0,-1.1146316747306253,0,1.9744079654997257
0,8.66324707366249,1,1.0416013318485433,0,0,1.10199515958865,0,2.7393025542314784
0,13.08426702700218,0,-1.532517914600574,0,0,-1.7411842404538245,0,3.435108234325509
0,12.62941338886463,0,-2.0764407462083794,1,0,-2.7441365924007872,1,-1.2138595934036962
0,14.51884698677091,0,-0.6183753559243195,1,0,-0.38222481001971864,1,0.6063509313327562
1,10.416808198844414,0,0.2762484759007654,0,0,0.315394560182296,0,-0.44262275685033003
0,15.597416212812398,0,-0.4955930026360402,0,1,-0.7113571177013278,0,3.447585824107436
0,8.676753890655007,0,-0.4725194563710685,1,0,-0.4091634478051781,0,1.2086908972683637
0,10.677821199520148,1,0.43998318705298095,0,1,-0.2263055229417943,0,2.60340858026443
0,14.963258094903619,0,-0.9092683405394153,0,1,-1.562055367939445,0,2.711014173265234
1,15.959886434508451,0,0.08374931858461195,1,0,1.4069143155928296,1,-0.7702538841537465
1,4.2459811941864825,1,0.5503928048712591,1,1,-0.4985034458675221,0,-0.09817863765956214
0,12.428761628064612,1,1.7582772729892546,0,0,2.1983529497972785,0,3.778194299471121
0,14.43511604693852,0,0.6238030417095819,0,0,-0.20023237645928815,1,0.2168083540534017
0,6.196702746037475,0,1.7767300196271338,1,0,1.4080874005920803,0,2.0827685642458675
0,13.92250239950087,0,0.5923850575247245,0,0,1.1219723636532168,1,0.229705917609348
0,8.687302918412811,0,0.08363190235876787,1,0,-1.0390318526357423,0,-0.3525572623849944
1,16.081012048657715,0,-2.0857247357628164,0,1,-1.3398759441492425,0,3.986688151810198
0,14.153928128410564,0,-1.0831192706465382,0,0,-0.7226647607868796,0,2.1723697346781403
0,15.076209179982438,0,-0.1682005319383991,0,1,-0.33404473078317815,1,2.058092704778132
0,12.482877317148137,0,0.8370992290252637,0,0,1.2073945445992662,1,-0.7422368390734004
1,15.454593736631013,0,-0.1579676358118601,1,0,-0.1383768631823166,0,1.6757020350738867
0,17.52205811325815,0,0.7188692023874188,1,0,-0.14556025024906705,0,1.407393707105546
1,19.864992061822534,1,-0.8551614312205154,0,0,-2.063575430810033,0,4.327836175853678
0,11.88641978100374,0,-0.15526551954051962,1,1,-0.13026955294841897,0,2.8702780610736216
0,3.003795638670381,0,0.24704398886385387,0,1,-0.7276392248418249,0,2.115136563303733
1,12.126104018375967,1,-0.228124677981851,1,0,-0.35208362716281044,1,-1.5547170462763868
1,12.822244833799898,0,0.2510541433211492,1,1,-1.478799573824586,0,2.169965358341374
0,11.378618611422405,0,-0.5569618399390335,0,0,-1.3722081437123481,0,2.585117089110735
0,14.273154483108298,0,0.5170767680905869,0,0,0.9319191271152818,1,-0.8330467843876608
0,16.04271185805706,0,0.07937222606931324,0,0,1.2851221392402186,0,4.0492668168913255
1,9.928070279328713,0,0.06223135614015858,1,0,0.12079060814869139,1,-0.31602894530676984
0,10.823618691375557,0,-1.8405508995323896,0,0,-2.726749695198823,0,1.3494416727641019
1,13.591368835201356,0,-0.5277548929267273,0,0,-0.817178602898693,0,4.307682621678297
1,9.799105034043448,1,-1.3816530345578135,1,0,-0.4000258575500599,1,-0.33724619460430527
1,12.365069533952942,0,-1.4720673622807745,0,1,-0.8397324093733389,0,1.754630629447147
1,4.153169604458792,0,-0.44235140480064844,0,0,0.37622063023331476,1,0.22170189031683918
0,7.520401114409504,1,-0.08559435660150815,0,1,0.9863106083324402,0,2.7586006624666592
1,6.688978097583499,0,0.3604900067764543,0,0,0.7948477649733865,0,1.452921768307315
1,8.585505213091034,1,1.187117702431232,0,0,2.3723527521985655,0,-1.1291282626425923
1,9.226781888277337,1,0.546668115805358,1,0,-0.5442780210474425,1,-1.8077701971401132
1,13.52922057018548,0,1.1573625464603303,0,0,1.5823000079679441,1,0.49367174995806967
0,15.928452010090563,1,-0.3670257675336275,0,0,-0.5472235687591859,0,3.206795492807173
1,9.090465883649859,0,-0.2069355143522883,0,0,0.07570803957571157,0,2.0768201465201632
0,8.012644070487982,0,1.1652953251311322,0,1,2.570819736761529,0,2.9421741280730354
1,7.833244564041961,0,0.08953962957852339,0,0,0.6616655572417731,1,1.2288680861226076
0,10.341645094545305,0,-1.5768282647379213,1,0,-2.303048507584612,1,-1.4693365659341386
0,11.043883727389744,0,-0.7361166818182272,0,0,-0.9758319574615749,0,0.8535410064731062
1,13.934470135353077,0,1.156936761186265,0,0,0.33494283573165196,0,1.7569082328593923
1,10.71470063132644,0,-0.4935902513641958,0,1,-0.48625749629992226,0,1.9899496494986442
1,3.6860429245599082,1,0.3803045620227213,1,1,-0.2924319068104028,0,-0.0645671134544813
0,11.634262897799447,0,0.13056532465863954,1,1,0.8384806485999955,0,-0.13349462726397676
0,16.748747242606225,0,-0.3288701349236003,0,0,-0.6541102667912094,0,3.1395105343460985
1,16.7664050740413,0,-0.17312234166596807,0,0,0.6948564200863927,1,1.4071435396077587
1,8.84414712755508,1,0.4901620191336454,0,1,1.2893336242765954,0,1.6061240215323673
1,5.808893825449717,1,0.2776677671467424,0,1,-0.10957351066341448,0,2.1951984821225023
0,21.832241967461094,1,1.4529925595737767,0,0,3.097806722344713,0,3.487113568647028
0,11.350312230082324,0,-0.08631666213411335,1,0,-0.14588923450538774,1,-1.1795333886739545
1,11.610194999577532,0,-0.7971060920309072,0,1,-1.343822564081175,1,0.6963737277038877
0,13.682296754792588,1,0.3027260691273692,1,0,0.31394838786715057,0,1.8491342581243537
1,5.543842173523522,0,0.7707729749794155,1,0,-0.37475112175733083,1,-2.2942066761371103
0,9.08712355523485,0,2.372838191279343,1,0,2.9147027064011954,0,0.759759064398951
1,5.838230378839962,0,-0.3953007093153339,0,0,-1.2420863936369542,0,1.6787187802998051
1,9.22762154395762,1,-0.2240773564686904,0,1,1.151191793980354,0,1.3539305115146094
1,12.475397732018244,0,1.0172471877181317,0,1,-0.9422054206578825,0,1.5548114639240695
0,6.5411621680523515,0,1.3466977481849876,1,0,0.09964924757188842,0,2.057158026377909
1,14.359930717469252,0,-0.5050825494302831,0,1,-0.7098291347155952,0,2.654331448035742
0,13.157376115269344,0,0.7961442160971068,0,0,0.22702045727908648,1,-0.08264715611539103
0,8.383139897517443,0,-0.4813261150671643,0,0,0.9494504552325683,0,0.8503127185792356
0,12.905299769524254,0,-0.8331252725469958,0,1,-0.7644982467777579,0,3.2549407399394727
0,14.992324649975373,0,0.7732841484000108,1,0,1.0780118105245566,0,1.16103961552098
0,16.24438101304697,0,0.26894158233154075,1,1,0.938754949793166,1,0.3190706725093748
0,11.148606885413889,0,0.5008169469963594,1,0,0.5651809672075626,1,0.42802116493759
0,11.625452824355818,1,-0.4642489684783928,0,0,0.6130155974009414,1,0.06563281400276763
1,11.6531434600723,0,1.9215093905274865,1,0,2.2677570520003414,1,0.46001501111874565
0,17.76584702422018,1,0.8429464792899093,0,0,1.7188187537214326,0,1.9742534094763133
1,16.500287569111975,0,-0.19939954996091297,1,1,-1.7304041386246671,1,-2.248959369353239
0,15.337606271028157,1,0.85612499372074,0,1,-0.11682067763986326,0,3.2376464613201814
0,10.85063680063723,0,-1.1060080158873056,1,0,-3.4239091338675363,0,1.5906602382681785
1,13.492965736665624,1,0.007179530417429358,0,0,-0.1211636759598379,0,1.5987154370338474
1,13.613161324882784,0,1.5494895119293508,1,1,2.9073776213762774,1,-0.10234233731324976
0,7.833306822842711,1,-0.1105062433759171,0,0,-1.010576007363513,0,2.5073253815326586
1,5.086781938717029,0,0.9713581913827196,0,0,1.3272892330182104,0,1.1195249996859857
1,14.567320110606465,1,-0.06624879908384762,0,1,0.5103805662091911,0,1.6385866062773182
1,5.882757875278313,0,-2.2291988215534406,1,0,-2.141844843510177,1,-2.8558580358358587
0,12.00673475393684,0,-0.760145198026728,0,0,-0.9243004649296065,0,1.842819748206798
0,13.000991285393324,1,0.3527456018889037,0,1,-0.13538852788071143,1,-0.8757950881930876
0,14.255469561223533,0,1.5891074065462414,0,0,1.0948941415538993,0,3.4532788281990547
1,12.757704950059242,0,-0.455825075500241,1,0,-0.5207947788399934,0,1.5456056435771144
1,9.0685847748115,0,0.376664859130666,1,0,1.5569891179665971,0,1.8608869649413935
1,15.945463439581847,0,-0.7953646550837483,0,0,-1.4394175058318543,0,3.65220201688858
1,18.95453506762498,0,-0.8169108906575494,0,0,-0.7598999270943482,0,3.5309393461102117
0,15.524715235701771,0,-0.6220694910598048,0,0,-0.3675541821020054,0,3.926959580536888
1,4.225396394704098,0,1.4213160312806206,0,1,2.2449834853344344,1,-0.2787171562169143
0,17.598304741611777,0,1.1162931373270188,0,0,1.0609480677187877,0,4.132488258381828
0,11.775776215254929,1,0.7114229194702492,0,1,1.4668979890481226,0,1.5208439924227042
0,14.09965711727716,0,1.256459124609248,1,1,-0.2992771122927358,0,2.363601531759309
0,14.488132943484242,1,-0.27954366729866376,0,1,0.5837373175792839,0,4.623500816863275
1,11.61325570717318,0,0.8857094939648534,0,0,1.0882130588067735,0,4.2363881538552945
0,11.698947209405095,0,0.32661874996560025,0,0,-0.6520370522688635,0,2.3304432722544135
1,16.0766282773236,0,-0.8783346420395816,0,0,-3.0579269955881125,0,2.560588743235347
1,14.846407689944975,0,-0.6725981453822933,0,0,-0.8994707034141449,0,1.0261276323114912
1,15.961048984176925,0,0.21966342176091505,0,0,1.0381346437288066,0,1.0699718096129751
0,21.53170678092131,1,0.4209471293057575,1,0,0.7553194930332865,1,0.30189372115640195
1,14.657663454776348,1,-0.16478178411321442,0,0,-0.39237153935085867,0,2.4801928401992197
0,12.829524629541227,1,-0.8681959974911249,0,0,-0.6898353948681234,0,2.012534371420068
1,3.157467557697517,1,-2.0493172649121814,0,0,-1.8717519874351698,1,-2.0609934838924415
0,22.766856012984462,1,0.6529040395709437,0,1,0.1281620735058695,0,2.4801026468843093
1,10.069292712814768,0,-0.18457878200894898,0,0,-0.039330775949432226,1,0.7403073091294997
1,21.49893886038158,0,0.7741502717850957,0,1,1.0914082073570701,0,4.574155437625969
1,13.498574272019951,1,-1.400906070529965,0,0,-1.9987517882580053,0,1.5909691297978907
0,18.153720795587176,0,-1.0717987273565708,0,0,-0.6920659555861637,0,4.358053580587653
0,11.561158715295045,0,0.0042797124809826476,1,0,0.2304516134716316,0,1.2175292033563536
1,14.045883018792502,0,-1.2623547054437778,0,0,-0.605572273550103,0,3.060592641001196
0,12.855831918569047,0,-1.8543955315350205,0,1,-1.0147906903296589,0,1.8112214955367558
1,11.255517202506018,1,0.9061505798586265,0,0,1.4190163651430605,0,2.81512112370849
1,11.518424701510025,0,1.0260535867646332,0,1,1.432636760971745,0,3.298522398705386
0,16.051337343377018,0,-0.8694502685707327,0,0,-0.8043669915992265,0,2.7339396218642777
0,11.194167412114002,1,-0.1601155944454531,0,0,0.40058638490138954,0,3.290485363114918
0,3.8492700222367997,1,-1.095480204948886,0,0,-2.3262325468377494,0,0.7862785266197471
1,11.21644300468069,0,0.43859134679979106,0,0,1.1950259698880714,0,0.15457118477564524
1,14.159162422145096,0,0.12191332321945941,0,1,-0.281404427189525,0,2.222900111587922
1,14.465822865405759,0,-0.7148022223053085,0,0,1.75738482903143,1,1.3573278936467514
1,14.466271269909736,0,-0.619554831197088,0,1,-1.081230177422877,0,0.5562764808640899
1,5.231593916523675,0,-0.9997652542629604,0,0,-3.845079144146603,0,-1.1609702415025613
1,13.474968232044777,0,0.5811239445129908,0,0,2.077958927704844,0,2.5858830318906354
1,15.871436839788254,1,0.7397232162119832,0,0,0.2897852029310213,0,2.565719564971519
0,17.106314725870625,1,0.5475380416745925,0,1,1.311552106792901,0,4.591993021297069
0,11.100154915823536,0,-0.7318881482577415,0,0,-0.39514452929621613,0,1.9695221306773223
0,10.712429655268796,0,-1.6790453316825846,0,0,-0.47560897299175364,0,2.484088862094645
1,17.951351327512157,0,0.7203891764295937,0,0,-0.0133633342186118,0,2.865745820105003
1,5.328287816882721,0,-0.11377606922549134,0,0,-1.2595547823045914,0,1.8254166128109328
0,10.2526800923475,0,0.06313445095197831,0,1,1.2306302520543344,0,3.587546898678333
0,13.829848317429818,1,1.170426468047685,0,1,0.3501574837160423,1,-0.48068668547170024
0,5.528904938475095,0,-0.8382267850168489,1,0,-2.516631853505243,1,-2.6239313501020782
1,13.11851144972703,1,1.2852004401822832,0,1,2.18435504968941,0,3.8673927849066265
1,19.511456084208774,1,-0.20807693437084154,0,1,-0.08822064911912306,0,0.9665096715454569
1,11.983757386254638,0,-0.5833502478934663,0,0,1.804691550357993,0,-0.20955064648161148
0,10.886183900145655,0,-0.09688430481611088,0,0,0.3555871568200246,1,0.295950334270359
0,13.899646856136217,0,0.5290161974042082,0,0,0.3149199256042731,0,2.4864856662202475
1,10.883711316850773,0,-0.088378532087216,0,0,-0.6167259688135576,1,-0.5823981882625673
1,15.253601496316259,0,-0.737971205584696,0,0,1.089173482682132,0,3.3914792128767477
0,15.61774185779878,0,-0.12544686021279086,1,0,-1.3841973258662907,0,2.4771980359475023
0,12.010766644920484,0,-2.421823434688775,0,1,-1.6847537229286598,0,3.257664735278685
0,7.2932313690010915,0,-0.43557936818243387,0,1,0.1990329607539132,0,1.9925212765159486
0,6.727117090163649,1,0.5232373884406631,1,0,-0.18229737229727744,0,0.6091354328335322
0,9.628010537378731,0,-0.07297966915829951,0,0,1.5590183160398234,0,2.579568091420478
0,15.189522002199343,1,0.8402229422832191,0,1,0.2444626978367721,0,0.8416359647553553
0,4.1671793013722995,0,0.5276542269881831,0,0,0.5498541621458711,0,0.5225078769084639
0,4.454699365069817,1,0.6901937400062863,0,1,1.1223691375734437,1,0.8668068872014747
1,9.384880700959588,0,0.7598937520350783,0,0,3.1668685325100325,1,0.6189813397753772
0,13.577579391922338,0,-1.6028049674550424,1,0,-1.051876935221062,1,-2.1452917318015077
0,8.34573580734003,0,0.08761703809184336,0,1,1.9026224252973296,0,3.904076563955333
0,15.546996148384236,0,1.7855372960906692,0,1,1.212444634372336,0,3.6869691677718333
1,13.333479880620729,0,-0.33715042823821173,0,0,-1.9592559362155286,1,-0.8608566533578865
1,11.31744152704556,0,0.5759768576910193,0,0,1.568508058144072,0,2.256737792894844
1,15.275312546127118,0,0.3061468564412074,0,0,-1.1795690177836433,0,2.1584491866615623
1,13.55346065127747,1,0.7025468317007972,0,0,-0.5141289256809964,0,1.7546510087255214
0,10.216259891151376,0,-0.16986751825900043,0,0,0.5430652828908414,0,1.9474058133925318
0,12.92445973767264,0,-0.5190546991392759,0,0,-0.44558672843119107,0,2.0550384545478964
1,14.590053431910366,1,0.2278613786847487,1,0,1.0107811946635121,0,2.121255041442362
1,13.425133379448187,0,0.3520661644978952,0,1,1.909492239560128,0,3.924066222167531
0,9.367959168202084,0,-0.0916526980018438,0,0,0.9147717763407781,1,0.6718597345643785
1,15.420808820256767,0,0.19564875322901393,0,1,0.7221868225384795,0,4.632403225468902
1,16.611744902234463,0,0.5874693827131224,0,1,1.2956054453641017,1,1.7407795935950854
1,13.105098226173347,1,-0.6351329082007295,0,1,-0.36925527410087755,1,0.7592825299547841
0,12.576418649848748,0,1.2654418436965496,0,0,3.099598315920309,0,3.7180068975303917
0,11.697499676880648,1,2.317735267515394,0,0,2.4870996467362927,0,2.531458333014435
0,20.64566338521115,0,1.6836619625869527,0,0,2.697262428374708,0,4.336324911910488
0,13.105262128543172,0,-0.3233652294221365,0,0,-1.132428888329218,0,4.089212513241017
0,11.366823885200224,0,-1.7092190301804449,0,0,-1.5563085544811777,0,1.6173320647500742
0,1.9683287912109826,0,0.07388124502170498,0,0,-1.904062795250274,0,1.8504873848368935
0,5.7388729398778695,1,0.9376619500028481,0,1,1.1337802810846735,0,2.225480532551587
1,11.68930719755774,0,0.9049997699112441,1,0,-0.6763839242528902,0,0.0857605561445588
0,12.825176179372392,1,-1.1014950129180188,0,0,-1.1061176355526032,1,1.194984385866916
0,13.107489835446458,0,-0.9820736123889476,0,0,-1.0911155883181318,1,0.5516896501488616
1,15.286027121794472,0,0.2966049060955819,0,0,1.4114844549052776,0,2.2940892346589723
1,11.223390362718174,1,0.7483152490040356,0,0,0.20831770174647313,0,3.7255944309487807
0,16.85835517793025,0,1.0415152156347611,0,1,0.545920324266569,1,-0.6615622756200004
0,8.313935828521688,0,0.899531337224174,1,0,-1.1903430153155872,1,-1.459530386187172
1,7.166229118227734,0,-0.8863132007842116,0,0,-0.20426920885164424,1,-0.7326560375807651
1,7.084055289784743,1,-1.231764503302138,0,0,-0.08225233215364303,1,-0.6388795725651748
0,14.969188096746072,0,-1.862827896991824,1,0,-2.139213254971998,0,1.1902982778694409
0,11.668320230643095,0,0.6216159000342484,0,0,2.2185370418540233,0,4.4722757765294965
1,15.159271687281997,0,0.9897042826422464,1,0,0.5215409440734748,1,-2.645261688581419
0,10.92917431377166,1,0.44514243196276077,0,0,-0.4478878668835016,0,3.040540603340045
0,9.63243159114875,0,-0.9628001300998257,0,0,-0.6373304149145915,1,-0.9245636243105532
1,10.526589699493975,0,1.6829826469442857,0,0,2.4645330834337185,1,1.287737267573457
0,4.5895327030330835,1,-0.32425129733305996,0,0,-1.7718763429449698,1,-1.3428308174238999
0,7.321538958343541,0,1.8522537510791288,0,1,0.2898357389798685,0,3.0518292013286796
1,6.2318614145661995,0,0.6237206192262372,0,0,0.7224591142724508,0,1.3457533615787198
1,16.217289087901392,0,1.362483535964537,0,1,1.99509171397283,0,2.610295503863462
0,9.610679634548799,0,0.42670902263989385,1,1,-2.021670555370894,1,-2.261493956749205
1,15.157839411160719,1,0.09692616601172951,0,0,-1.4676829394191437,0,1.0246429813123348
1,18.06596240676783,0,-0.8218884443055363,0,1,-0.3434588806228343,0,2.57501984163584
0,11.232900763560231,1,-0.4461851825557572,0,1,0.5548782822965618,0,2.593916462942759
0,13.135515625409406,0,0.08424731997766877,0,1,-0.16533311319871213,0,3.1948165892317815
1,4.995729922415686,0,0.3420313672091998,0,0,1.5824110370195354,1,-0.4601950511491995
1,8.72532088992079,0,0.06403399656811147,1,1,-0.6724992121609072,1,0.18045322424872334
1,12.224859397531354,1,-0.045723395118103194,0,0,-0.10017061375085795,0,0.7625851524017258
1,13.19634761334461,0,0.3254489930755071,0,0,1.7971552103547574,0,3.0339411394988223
0,8.962407530804471,0,-0.4347479672894712,0,0,-0.42668125455757644,1,0.7275713242237112
0,22.739435996907197,1,-0.30854309637043775,1,1,-0.25527563431625894,0,3.133153621609287
1,10.166439443630445,1,-1.3440403072197198,0,0,-2.152246619848034,0,1.2571574856882757
0,12.256974226520152,0,0.9688412125332081,0,1,1.158421559188555,1,0.3520118467394593
0,14.599167468614072,0,0.19292404268766475,0,1,-0.30534986732539915,1,-0.6107641520859024
0,11.895925460904019,1,0.03533502118169264,0,1,-1.6451452411515552,0,0.7169047947942102
1,9.425730451891544,0,-0.636661310256001,1,1,-1.7228958777762946,1,-0.4933859051747317
0,16.18122265585322,1,-0.08596163734387455,0,1,-0.1627985013745325,1,0.667436494180246
0,18.462181292828802,1,-0.902161042773009,0,1,-0.5539074838675786,0,1.6211419046861215
1,11.88122411580066,0,-0.9204851111947423,0,0,0.2563630263076879,0,2.554774402597589
0,14.249069381612266,1,-1.7764610778904726,0,0,-1.5954361572523141,0,2.8954265032305244
1,11.61035000598948,0,1.1078022727083305,1,0,0.8864990484390494,1,-3.002668365017074
1,16.065820870808647,1,0.296622290853384,0,0,1.5534138892545393,0,4.555483651259623
0,7.375330422960588,0,-1.043023071324825,1,1,1.2457866259633639,0,2.6217758651104797
1,21.283440895977904,0,1.3866210127056817,1,0,1.3040176720342567,0,0.9228879920506039
1,9.58587500884665,0,0.7304504334575844,0,1,1.9942947740836363,0,1.7532254376521577
1,6.164602342247631,0,0.8140282980071398,1,0,1.1518571863094833,1,-1.1348188451665568
0,10.596328691227722,0,-0.11980728003054081,0,0,-0.08988997149190595,0,2.406066831505436
0,12.586833936580007,1,-0.2970036672198574,1,0,-2.2920203778050303,1,-2.3802538952116388
1,18.494484830720914,0,0.09689194630071628,0,1,-0.695715950895101,1,0.27320031218270857
0,15.64483870708528,0,0.5611390433084344,1,0,-0.03915650192173692,1,2.650392109235751
0,12.569833728183147,0,0.9256129439229478,1,0,-0.25889590253867945,1,0.15270236414287441
1,6.44206590404736,1,1.6638898089974021,1,0,0.3570605284314545,0,1.9061566829167633
0,8.535849021311545,1,-0.42371191392415597,1,0,-0.9512789086610993,0,-0.1300957131210877
0,11.346860271082823,0,-0.9020961454406533,1,0,-0.03673810824942314,0,0.8197056821631973
1,22.21210445384237,0,0.33297971014885286,0,0,-0.37507977181424257,0,1.59481664887834
0,4.55908970312634,1,3.0676950823216496,0,0,3.231461097313892,0,2.46463847131475
0,16.524218607384086,0,-0.263373659009863,0,1,-0.30112426829578387,0,2.9419480303146894
0,9.891062971064317,0,1.244591847495403,0,1,2.1366022763610357,0,5.1282461983170755
0,18.663963599949675,0,-0.05645857358559592,0,0,0.16861790388989575,0,2.581956609779146
0,7.443197440106381,1,-0.40411126336281367,0,0,-0.49784228077976944,0,1.6554556630245894
0,12.57449293865099,0,-0.5846721928210463,0,0,-1.0431166724201286,0,1.1076401702051935
1,7.601796233188996,0,-0.12522666538571328,0,0,0.8326899634640058,1,-0.04294047337771595
0,15.6140657054467,1,1.7979251279299,0,1,3.093398861032842,0,2.7962353916283056
1,17.935117954952343,0,0.4911979001129627,0,0,0.6799915631305862,0,1.691060786512728
1,19.802884025604605,1,0.695357963471331,0,0,4.155169554668835,0,3.5071275648834392
1,15.190402630358074,0,1.0006398187358418,1,0,0.9395506328659603,1,-1.386352221028793
0,19.373065018311287,1,2.2654721630691155,0,0,5.383026763384025,0,3.1514226747335528
0,16.985695634646586,0,0.9454757984259963,0,0,0.9814532327071714,1,1.4046242947814416
1,11.472500352703939,0,-1.3023863494248946,0,0,-2.768368408064644,0,2.482456320763128
1,13.9081489531388,1,-0.8844298459347576,0,0,-2.180114936574144,1,0.6237754095393666
1,8.112023154096267,0,-1.4983348820508626,1,0,-2.4986845935977016,1,-1.8837078556035562
0,11.259191322396024,0,-2.7359548566698266,0,0,-1.1449549610032757,0,1.9879686796928313
1,16.883854833395286,0,1.4695724761265583,0,1,3.3317343265866937,1,0.797186675452733
1,14.1651365739294,0,-0.3420725085431139,0,1,0.1871874501575225,1,0.949098151486709
1,13.82942932650132,0,0.5432649709710291,0,0,0.980054556804146,0,3.37765842784782
0,7.847475841251179,1,1.2600926115564255,1,0,0.6016120773308938,0,-0.06682125803103045
0,9.581947078663532,0,-0.4160132237938353,1,1,-1.1968693493751013,1,0.12806713746546527
0,8.9415759449857255,0,-0.045551889212363625,0,0,-0.674039231922144,0,1.1096529657585341
0,13.581183480053996,0,0.4860680143249946,0,1,-0.248670145775431,1,1.1385869295787179
1,8.037969478133764,0,0.3162589165989622,0,1,-0.1532838384680254,1,-1.4153017593889765
0,14.248165560396208,0,-0.6318335939841413,0,0,-1.1120417063388166,0,2.3735542689407536
1,7.534334352265832,0,0.8161589535292495,1,1,1.2100397466144783,1,0.5161428524582985
1,19.314121832541456,0,0.7487767465678802,0,1,1.702736636587335,0,3.393713023249648
0,13.842365397912415,0,-0.1500256419423665,0,0,1.5915787664718073,1,-0.8802111746097983
0,9.195985550986922,1,-1.1304210553491334,0,0,-3.487082553468483,0,2.8535484842732552
0,12.964183730004894,0,0.762975432868635,0,0,1.3877369520679372,1,-0.2479550559168714
0,10.590187203088176,0,1.533421527945882,1,0,1.120854921687497,0,0.30268635549446377
0,13.484591839038629,0,1.5153634117797417,0,1,1.383818727619829,0,2.4097185122715663
1,12.974130875041201,0,1.0123758755457497,0,0,-0.509586925642084,0,0.9999312991126538
1,7.943543309354102,0,-0.39369963555873133,0,0,-0.3571422572710764,1,-0.2798403166296901
0,8.834744484722119,0,-0.44299947464332784,0,0,-1.1306591352867983,0,1.9905119025945497
1,13.198374738958254,0,-0.44570100919631817,0,0,0.03204216644119284,0,1.7651415233055148
1,18.556207635006245,0,-0.21613579263744018,1,0,-1.353382900480238,1,0.2172692397077317
0,16.33846803468369,0,0.8725703016002215,0,1,4.481946960146846,1,2.3760297786131286
0,9.501730105527624,0,0.3514140545909328,0,0,-0.3356675113617806,0,0.6038985627543825
1,15.303691606589977,1,-1.6933236702389018,1,0,-2.032490065505046,0,1.5834888782067442
0,11.805726588974846,0,-1.7425303639247052,0,0,-2.8532392893465146,1,-1.6890716243705945
0,13.205254606873618,1,0.10921845233438399,0,0,-0.08390199816068089,0,2.2199657292215527
1,13.041445962946232,0,0.2903532069105015,0,0,2.5450222719482545,0,2.3396745739998197
0,22.301799054893564,0,-2.0844563514863563,0,0,-2.2483304438687637,0,1.9816505385464813
1,7.258844757651103,0,-0.7338587782355959,0,0,-0.061066472840035746,1,0.6398692227362731
0,12.403679436051428,0,0.1515979460571982,0,0,-0.664145034718202,0,2.1333421444989558
0,4.880090848129537,1,1.5105868236577715,0,0,3.097751320155055,0,2.6261264459409217
0,14.359343691835033,1,-1.8692752914039328,1,0,-1.4573302563194832,0,1.0992730409861446
0,16.38643388688562,0,-1.0915799391131218,1,0,-1.8443486279431158,1,-1.6045317692511638
1,17.782648964404615,1,-0.8924803575741774,0,0,-0.49421492306811543,0,3.060616728706046
0,4.299418992651517,0,0.21839026857536648,0,0,-0.12547923281188822,0,0.6079926293756936
0,13.651077988776121,1,0.46735000130201393,0,0,1.1125692476976052,1,1.4371725975515992
0,18.373479805534608,0,-0.13695443324504655,0,0,-0.7626162325343622,0,5.10189534520968
1,10.343936547830788,0,-1.498889322471678,0,0,-0.9422340973099976,0,1.9891171450649865
1,11.151397871672202,0,-0.5090384381475972,1,0,0.9756539015731504,1,-0.20498194223311117
1,11.853851111181035,1,-0.43194747554407475,0,1,0.9393526635361436,0,3.0104692962530955
0,13.460075005732142,0,-0.06798053435969753,0,1,0.37161272848264243,0,4.071280080166832
1,14.660639502983877,0,1.7794915761615144,1,0,2.049774606005568,1,-1.5631635775604327
1,17.271283534845928,0,-0.4940576950895368,0,1,0.09015814919759418,0,1.9885731607828254
0,11.61804963822003,1,0.19244490152089144,1,1,1.0070051535457392,1,-0.15287417165235134
0,12.785112181889875,0,-0.5775472198080122,1,0,-0.2637689511274922,0,1.1660228827726313
0,21.951991508885847,0,-1.0207079339550604,1,0,-0.3950979015579006,1,-1.0246881358005595
1,13.724395712459964,1,0.7831918549932002,0,1,1.5482473396405791,1,-0.871708225577961
1,12.755012437319333,0,-0.9130785552795537,0,0,-0.5677345871951065,0,1.4903218346225933
1,6.631027498866205,0,2.811519464610856,0,0,3.5882791636802054,1,1.8259339605629532
0,12.011424190488906,0,0.21267717973210362,1,0,0.19063077836162198,1,1.493432205112291
1,11.114695387332477,0,0.18140052995200112,1,1,1.0938338700855614,0,2.365441659053984
0,11.955816680762505,0,0.05301295579676456,1,0,-0.45568025012835445,1,-2.5058816155915533
1,9.698329434915333,0,1.950628834389212,1,0,2.0313830709755862,1,-0.06427550825302397
0,9.252737390229196,1,0.7564544843058978,1,0,0.6814459700643735,1,-1.468620682649184
0,9.116905472719512,1,-0.15982158902077342,0,1,-1.1428070884373056,0,2.2111316336337734
0,11.141981938400903,0,-1.0547699872268266,1,0,0.05547582189521205,0,1.8028032107932999
0,17.47253059211451,0,-0.8640024547962988,0,0,-1.8517103622758428,0,4.036843769572181
0,16.19634650623731,0,-0.623025840274937,0,0,0.8440668459498198,0,2.922832622840967
1,10.560099528227774,1,1.3305494262605868,0,1,0.3576839458253478,0,1.6241254737518949
1,5.25633418184504,0,-0.12641823395245227,1,0,-1.265938357717144,1,-1.1526117948099315
0,8.621666285856186,0,-0.6709819598212635,0,0,0.2761231941120105,1,0.7371550887598282
1,10.16895786703797,0,0.9037490565506535,0,0,0.9136937080531041,0,2.90347820072975
1,12.414552016913216,0,1.479325539191304,1,0,-0.4517197799431625,1,0.10490233060068244
1,9.349570897196742,0,-0.5910357750993478,0,0,0.9958803160063727,0,2.2228867547405295
0,20.026722763327562,0,-0.24466531640909842,1,0,-2.7329255195796653,0,0.5128233297744524
0,10.910929862326595,0,0.45439348534705154,0,1,-0.12902323735000787,0,2.5985065998851464
1,7.144222119041961,0,0.07659778465445269,0,1,-1.3822993374314507,1,-2.1241746142005518
1,11.434952970869947,0,0.5307160011934766,0,0,0.06709802878821669,0,3.1077195422306927
0,7.978489673626345,0,1.7939834225076947,0,1,1.9624494483750516,0,3.0960060837365533
0,12.624622829101305,0,0.06585967417004866,1,0,-0.34143487302916936,1,-0.09312885268123205
0,12.934534456359478,0,-0.15135692297064782,1,1,-0.8008657283173666,1,-0.29563144350481996
0,13.422350446513537,0,0.6196379653595917,0,0,0.590065614095494,1,-1.93097582150184
1,5.512566963503142,0,0.015781139895069372,0,0,0.3300722202881089,0,0.8075845273578559
1,12.882845163882596,0,0.7665935131716115,0,0,0.02966238272343591,0,3.0385405644199253
1,13.241800322166585,0,-0.08155314819859066,1,1,-2.2339913716276785,0,0.8036873977340008
0,6.315566209982049,0,0.506678376500928,1,0,-0.5560118256872069,0,1.35739008138508
0,15.821462558921645,0,-1.4055260819786755,0,1,-3.1516692476636408,0,1.4141884172394743
1,15.13668351637735,1,0.17527049346716517,0,0,0.9519760624970276,0,2.762184382768299
0,21.19847744461778,0,-0.3042312128375063,0,0,1.7779119495379967,1,0.9274034227464
0,12.626811949502912,0,-1.0642744560224993,1,0,-2.283468275008751,0,0.15683217740339073
0,12.186934110072002,0,-0.29119986673630766,1,0,-1.2547659698060953,1,-1.2080953273356634
1,12.386343336329745,0,0.5058583787862053,0,0,-0.255812088537665,0,3.7022331343017223
0,12.279064923601203,1,0.2151336132564758,1,1,0.9263147188340696,1,-0.004615404370021475
0,4.606108898649333,1,0.7395448515076195,0,0,0.8169506244683015,0,1.8464394752914397
1,5.315491765431026,0,1.0040541608078573,0,1,1.536156894406105,0,3.6306216459146574
0,11.689844132835187,0,0.9453624710562107,0,0,1.833730791075761,1,0.24803566557578172
1,9.675730477734007,0,-0.21773187169800773,0,0,0.11686004174846909,1,0.3086703107133539
0,12.2189461002297,0,-1.2059667370547587,0,1,-0.6359456379141688,0,1.7716146301857476
1,3.5551665069578746,0,-0.23478330484278276,0,1,-1.3717969049946688,0,2.1295128450666816
0,6.005206981892969,1,1.2297075063297453,0,1,1.2279712940448393,0,0.8991337486265272
1,7.59406624424503,1,-0.03553570246562167,0,0,-0.5856985045900902,1,-0.6135591421970451
1,15.94423288424099,0,-1.4678493222027083,0,0,-2.6232362969879293,0,2.9974940085248303
0,7.606039971639534,0,0.5674436225861716,0,1,-0.525480320723853,1,1.3939474555450202
1,8.801944185693877,0,0.37983875255030963,1,0,1.1954677421244753,0,0.8328166948832537
0,12.31949527469621,0,-0.2774084024452227,1,0,-1.6547604367341648,0,-1.4887461964958366
0,10.709014552699564,0,0.28045164838299824,0,0,-0.01678623285170705,0,3.7127930822975004
1,12.585668714671849,1,1.5052443566920517,1,0,2.4036660930640497,1,-1.0732416143991044
0,21.220247928182765,0,1.511398573038667,0,1,2.052860545471887,0,4.650774052325548
1,7.501585314967054,0,-0.3712810403957881,0,0,0.3460820462082716,0,-0.07726790116787896
0,10.778121440360781,0,0.1184460762616638,0,0,0.5576066487800817,0,1.7431794979365196
1,9.932962201025068,0,-1.3447595229239904,0,0,-1.4043052380867773,0,3.143495904888067
1,18.049581707329814,0,-0.5372575088954454,0,0,-2.5664792697817007,0,2.4345985156470906
0,8.92206030843889,0,2.0974610005495684,1,1,1.3778430887374342,1,-0.07867103585990359
0,11.671652384897127,1,1.614726209359922,0,0,0.35313476314143255,1,1.1357764408905502
1,15.14853445729083,1,-0.06776938071022529,0,1,-0.3043683220055565,0,1.2892461482830802
0,7.765637856206401,1,-0.6148087667407095,0,1,1.516954684938304,0,2.511731595925231
1,18.62070326296804,1,-1.170416264538722,1,0,-1.055983828645153,0,1.9257481894611619
1,14.703049661896983,0,2.2830823503826654,1,0,1.500966569248284,1,0.7133378577648382
0,7.703173561878582,0,0.19166146045725976,0,0,1.1573856367315267,1,-0.807604294702948
0,13.818311236230953,0,-0.45576579700480757,1,0,-0.026209756167802745,0,1.6108291038988927
1,11.146771427067726,1,1.199535052221932,0,0,1.2206526973868328,1,0.8250616932419861
0,13.252915087977339,0,-0.9670566819791409,1,0,-1.2621587816240818,1,2.7985804783524273
1,11.640099211937347,1,0.8529651897258259,0,0,0.8138805986147176,1,1.7166538789921122
0,16.282064147113374,1,1.6036909437097324,0,1,1.695091559605571,0,0.996638092311708
0,6.5955984571866635,0,-0.14421417504979786,0,0,0.5412720541709752,0,1.7850416694172369
1,9.909533211216337,0,1.5603762759955324,1,1,1.5771282843545713,0,1.6974610517554636
1,11.003237288978404,0,0.7615838042990335,0,1,0.23423953149083387,0,3.1653338530986597
0,8.016805100594667,0,-0.598639567874012,0,0,0.31589997706983164,0,1.1656323993293354
0,7.840179824935224,0,0.6527145345968136,1,0,-0.16728761546546267,1,-0.24298801093317357
0,11.92807903769335,1,-0.5852337359119952,0,1,0.843287536653653,0,2.0687200575317353
0,11.471299468573061,0,-0.4192710625442051,0,0,-1.2847356947468382,0,1.7866997610692417
0,1.8026289009982719,0,0.7924108956276404,1,0,1.358422287383167,1,-0.934186588104825
0,16.162293822877505,0,-0.31399845711002755,0,1,1.1054211017995539,1,0.629268619288197
1,12.998902943940761,0,0.11556165055255757,1,0,1.2577340323697646,1,-0.5536967786119792
1,21.664829492593313,0,1.245656391210301,0,0,1.3401438434357118,1,2.812501916693968
1,14.740792952204387,0,-1.0481724660765126,0,0,-0.21856439362024516,0,1.7667126727907778
0,10.21216276415203,1,1.6974154951135543,0,0,-0.3381043771000529,1,-1.204931604901799
0,23.189564587832386,1,2.2738511058713273,1,1,2.7499827357898847,0,3.992638646919147
0,23.32890409566203,0,0.8477702909999292,1,1,0.7717724575986513,1,0.11270423990264922
1,7.125152734839283,0,0.5031827014852166,1,0,0.9642588846160516,1,-1.5530329751131275
0,13.876127823821696,0,-0.35766038945501144,0,0,-0.11014003752841323,1,0.8733840407005244
1,11.1550123254714,0,0.6125115360807489,1,0,1.808858557952238,0,1.7386039480392252
0,12.74820458621605,0,-0.3745001237413531,0,0,-0.41766883353724726,0,3.3707362774782013
0,12.910170914275255,0,0.417271527394369,0,1,1.2801127552331952,0,2.267643309059994
1,6.952398148523791,0,-0.6071020267558904,0,1,-0.6535341268898686,0,1.4459214195081564
0,13.142358320970246,1,0.9198273692402015,0,0,1.7070135244011129,1,-0.002380756887255142
1,18.996989452567185,0,0.8913387354893574,0,0,-0.15995746335426464,0,2.5050914723102378
0,11.34363998346079,0,1.3564354078859353,0,0,2.076441321759709,0,4.539001382431149
0,11.348293157206184,0,2.095692644001229,1,1,1.6195851193414028,1,-0.19230560150805961
0,17.594288025349865,0,-0.47049895436564726,0,1,0.10025894601889301,0,3.1516706078205066
0,15.593584962731793,0,1.1221251418546678,0,0,0.4027424427044368,1,1.1514328781151886
1,5.40602072647486,0,-1.3632072398304609,0,0,-0.7775061204398724,0,-0.03165253471403706
1,12.914227893048748,0,-0.31834147971753624,0,0,2.792326126544281,0,3.6034890416938943
1,18.614188938710935,0,1.1416085739955741,0,0,2.858270969868551,1,1.1747090426546192
0,17.661105399676572,1,-0.5617780963722924,1,1,0.39521175252924945,1,-0.4497932816049452
1,13.67980641525692,1,0.4924387640304734,0,0,2.2185980137945371e-4,0,2.542340835351288
0,14.884883228451576,1,-0.7515958616107556,0,1,-0.27788656305927045,0,2.6497436930751417
1,7.212259151245266,0,-0.28822811260260683,0,0,-0.3844438520362433,1,-0.7072776251106431
1,13.200526267525493,1,0.10120833622519267,0,0,-1.7619152959064603,0,1.6527949288546062
0,8.18220425924871,0,-0.5304967238135572,1,0,-0.8888425783184445,1,0.19765712448082695
1,10.167927727612224,0,-1.8341728125402452,0,1,-2.0590315815313884,0,1.252076591523192
0,15.74241473511841,1,0.4005204768787596,0,1,0.4683143083576583,0,4.02216401242884
1,7.452427553235427,0,0.5594243709368808,1,0,-0.10805834723781033,0,0.6880511933547335
0,13.067673003492233,1,0.26739130409606476,0,0,1.0498969938941034,0,2.239021288299058
1,13.713328157886174,0,-0.34161444410944825,1,0,1.5040994171722808,1,-1.1622669200007882
1,12.219647879358519,0,1.0324001360540231,0,0,2.300253766191454,0,2.114909531436878
0,19.28875528734166,0,1.2704232129348347,0,0,2.1234959449767103,0,3.0776613938330746
1,7.910610685699,0,-2.284564749192928,0,0,-2.1603895547524012,0,2.249604661129121
0,14.424521045742399,1,1.2688200479865386,1,1,1.2887976387185944,0,1.3188387111818556
1,11.64427773019733,0,-1.6531049698515379,0,0,-0.3891396107363765,0,3.5299235846368386
0,10.956671024664303,0,-0.23498365218878478,1,0,0.9562319574555105,0,1.1161282679065259
1,13.856364935409525,1,-0.9606094644051816,0,0,-1.4239926721487586,1,-0.7528039509957252
1,7.918397637264278,1,-0.5409218065504501,0,0,0.4780655193254109,0,0.9795433370525861
0,6.746196333926379,0,1.384345732063505,0,0,0.2686979103284777,1,-0.08353529818491306
1,10.022076498066308,1,0.6447341532647364,0,0,-0.45770368653334714,0,3.4587017097225754
1,19.00702859902179,0,0.6939683717320986,0,0,2.4698219925166267,0,2.970406419250717
0,12.223059098450081,1,-1.955761840360312,1,0,-1.9965919808740227,1,-1.2627280345130403
0,13.325737592911544,1,0.3295827186706797,0,0,0.49662219403306856,0,2.636970602976899
0,11.240613449289842,0,0.741209288366796,1,0,1.6326384425436515,0,1.514000731510454
1,13.881970927815301,1,1.0097668526717696,1,0,0.7419299758040727,0,0.59491865733602
1,8.193281827931417,1,-0.8813145321959147,1,0,-1.8560461013991203,1,-0.7535898383553363
1,16.631641866274563,0,1.1138594706934035,0,0,1.4085332143423557,0,1.5143465969309367
1,14.338821040965406,1,-1.2418175678856134,0,0,-2.817062693505708,0,0.6903892035301861
1,8.774188709233181,0,1.8364849059686652,0,0,1.4417606895210138,0,1.5503396759477037
1,12.21821298324797,0,-0.6664521604110556,0,1,-0.7110101915127927,0,2.0011783195224684
1,14.865326477996492,0,0.9236776515493121,0,1,-0.38023176846631257,0,3.664585641649473
0,14.230923928218411,0,0.4602205844176197,0,0,0.7872941596374683,0,1.9574922728655146
0,17.927736063507524,0,-0.8843231569778105,0,0,-1.4377788989866098,0,2.3270260042958046
1,9.5480489804206,0,1.2497391458728022,0,0,2.449297168911741,0,1.912278626546039
1,16.464546461961575,0,0.20802230724700743,0,0,0.08162573539362716,0,4.066663624056145
0,16.146192039764877,0,0.979869695245495,0,1,0.05033133899497777,0,4.4735069325626
1,11.35006747238858,0,0.34169276054609155,0,0,0.6844161730072451,0,1.013490331803926
1,8.09629322871246,1,0.9594601846970386,0,0,0.9772054329266529,0,2.2415847478020803
0,7.643419236461935,0,0.09811471326269652,0,1,0.21486678785954796,1,-1.0898861926643149
1,13.831147831779884,1,1.2635401280108125,0,0,1.6073063506747856,0,1.6755026230394894
1,11.715493065116423,0,-0.2250259342599621,0,0,-0.5118920037447314,0,1.2875596633912902
1,19.1164106674058,1,0.728452424922859,1,1,0.38302565780295206,1,-0.6490556106307668
1,14.140551841984818,1,0.5299770406637909,1,0,1.1093863774385513,1,-0.32547424833370453
1,10.512220499346018,0,0.958981982091839,1,0,2.480841203382332,1,-0.9557953758334368
1,7.897831006011543,0,-0.5320641848967513,1,0,-2.588779648332968,1,-1.611770700942821
0,9.670393301578992,1,0.27439543088365603,1,0,0.03541895138493706,0,2.2037606776357723
1,13.371553571589324,1,-0.43644954341595577,1,0,0.46694829722873943,1,0.41164794131736304
1,10.196261411773397,1,1.0206004398511777,0,1,-0.06664887813177223,0,0.1350077204545883
0,14.056920480922761,0,-0.49611717466585536,1,0,0.6112654047000436,0,1.273533418730492
0,10.662647791320872,0,1.8388651742899564,1,0,1.366264236905894,1,-0.17408583338465944
1,11.577760364822097,0,0.916149205687337,0,1,1.7296789307528981,1,1.8685477350129878
0,9.077961308768689,0,0.07707163423384711,0,0,1.6416170254232765,0,1.665604091777091
1,19.62017433963482,1,1.4123982186021729,0,0,2.4971767953548474,0,3.389280721674431
1,13.330486925881576,0,0.058713929120564,0,0,1.3963338214447858,0,4.044374086766192
1,12.922534561997804,0,0.7024876272560115,0,0,-1.38611408551381,0,2.014024508773003
0,5.232550340463732,1,0.5805199034197379,0,0,-0.640517396830423,0,3.2710546224885175
1,14.639167598197309,1,0.5794301083922982,0,1,1.297288442263567,0,0.7066193133333032
0,7.905505644481153,0,-0.5177091732642998,0,0,-1.3494349150116414,1,1.5545413835064967
0,8.43391370258281,0,-1.1665051405753684,1,0,-1.8340404990504937,1,-3.8884028711613863
1,15.673364684086595,1,-1.5148670629329644,0,0,0.01608883055255861,0,3.5036369441300472
1,10.18919741396708,0,-0.34440438486160024,1,0,-0.33601828699889413,1,-0.17506075512603192
1,5.006510879987277,0,0.7428583010023397,0,0,0.8282412882853828,0,1.0863920631005892
1,19.07961643955742,0,-0.03824131910724582,1,0,-0.3030307867272674,1,-0.6736451074665576
0,2.490372298429918,0,-1.178447210483642,0,0,-2.751439006215768,0,1.0542975105177206
1,14.29124611943834,0,2.309390063144465,0,0,0.5617285593104759,1,0.5113589228414016
0,16.06899699633844,0,0.8626993930119937,0,0,0.8056231191450048,0,3.007262917287606
0,9.476128533357862,0,2.041379385599211,0,0,2.4908794658688915,1,1.7597953080864208
1,13.777148205646217,1,1.36080783577775,0,0,0.16963453668123463,0,2.4409167046922446
1,13.75652155355422,0,-0.4638139028289694,0,0,-2.144028784450043,0,-0.31740897256528955
0,16.16249261165805,1,-0.2502962771302054,0,1,1.1868377859054777,1,1.6698910078693308
1,13.936397551810089,0,-1.2913170027516105,0,0,-0.65495467611434,0,1.7399182171903111
0,11.0204648836299,0,0.8506781019459793,0,0,1.4429776224719506,0,3.233555542134879
0,15.663968231760844,0,1.7802989345449445,0,1,2.854035114637418,0,2.6622652975883025
1,15.202489426039065,0,-0.7584599838122069,1,0,-0.2616915191284981,0,1.0173404249889813
0,8.25372386345683,0,-1.1196604081846084,1,0,-2.292625851151094,0,-1.1710365056316894
0,6.396850264017076,0,0.9466465710046524,0,0,2.2607701292293774,1,-1.3916947599697629
0,12.641110159972712,0,-1.3900679340010036,1,1,-2.7410168858081567,1,-2.6188304881570597
1,10.90415050089927,1,2.040653062777534,1,0,1.461106247066248,1,-0.7831280221239556
0,8.057843549750816,1,0.6527142133037562,0,0,1.0668882700353104,0,-0.7224518711696799
1,12.335722718060131,0,-1.5815378266579552,1,0,-1.3871821303261893,0,2.010644538480159
0,6.720013894052376,1,0.4221190346729464,0,0,1.0786546743283092,0,1.2371111267178039
0,12.644905405304796,0,0.23163091986404227,0,0,1.2346720533062818,1,0.5260947074037254
1,9.50028644983232,0,-2.363410668686349,0,1,-3.0880801349240175,1,0.7305141671172581
0,15.828657096769923,0,0.11642854064374669,0,0,-1.012711176171376,1,0.6815425311264268
0,21.697956564646134,0,-0.3702812022205759,1,0,-1.5210347255261074,1,0.297277490478378
1,8.336083025252833,0,-0.7939361625047255,0,0,-0.14609219521305883,0,0.9677796606485028
1,16.2306566837719,0,0.41102338658840065,0,0,0.10057567702515052,1,-0.8510775889254238
1,15.300598911073132,0,1.0138962914045384,0,0,1.5698144091433042,0,3.285596024918301
1,11.719223102778566,0,1.8542010642418365,0,0,3.144374906011146,1,0.39779151182564554
1,10.185414503771941,0,-2.5206535010576916,1,1,-3.3005333328959106,0,0.5583962997710126
1,18.30123082734994,0,0.9366236360834641,1,0,1.8343348916885025,1,-0.8176045807220408
0,3.978168727055012,1,-0.912569424064742,1,0,-1.7176802527224417,1,-2.4924285782733193
1,9.427220833625347,0,1.2606023737167624,0,0,1.9616884669529193,1,-2.1563677260096443
1,6.252626225368897,0,0.41838793641152683,1,1,0.3049887967691365,1,-2.756109394918365
1,17.58125375578431,0,1.6307697096182725,0,0,0.9461427991885726,0,1.1761032337763118
0,11.237186269420572,0,-1.370389443062452,0,0,-0.31016720863811054,1,-0.11861993938698658
0,9.901315202121314,0,0.5936444496500528,0,0,1.4152620003384921,0,1.2067842557571646
0,24.736177896265314,1,0.5425211169972861,0,0,-0.07872335636301564,0,3.8469636506509404
0,11.799850928449487,0,1.1658607552039204,1,0,1.1215610692334548,0,1.4395309053665057
1,10.225002752533905,0,-0.1189184811096601,0,1,2.495729616843901,0,2.2231916831763594
0,13.199461000544579,0,1.276011455934185,0,1,0.6561432753337268,0,1.2457430406514995
0,5.726301516980125,0,-0.38769786030607944,0,1,-0.49714770763009575,1,-0.7977317931814263
1,13.96121057068827,0,-0.27962529818622833,1,0,1.0528798773651578,0,2.299422932527181
1,11.615347195680133,0,0.15153277341258564,0,0,-0.856011481416672,0,2.2671318664377265
0,13.874100490120583,0,-0.9305111674810891,0,0,1.588643473931113,0,2.3932713064950226
1,8.070517456248584,0,-0.3658664662718018,0,1,-0.9624634364670468,0,-0.42979980929713246
0,7.908064631408227,1,1.1890844747964984,0,0,0.7467329247884094,1,-0.5460476838432144
0,9.22634134689526,0,1.7440921177746809,1,0,1.597801775123209,1,-3.6720966424696453
1,8.928041707628871,0,1.2135350967046445,0,0,2.3674919355555644,1,1.9401452394826393
1,17.196199866734357,0,-0.24290317652123827,1,0,2.9546016386894753,1,0.15425275338867547
1,18.31658224723236,0,0.511645708011943,1,0,0.9681261656663409,1,1.0963494101552387
0,11.372432187843732,0,0.21221397082318033,0,0,0.9455545119061696,1,0.15239323007799233
1,10.564253757661278,0,-1.1433849353591852,0,1,-2.4212710720757107,0,3.8477203378026754
1,10.683844678313326,0,0.3742466579238483,1,0,0.41232684354423554,0,0.05220800054281238
1,12.276945911412065,1,-0.6915238685576879,0,0,-2.938537048514486,1,0.277977502939871
0,12.38761693480422,0,-0.9367480495990955,0,0,-1.071145123581788,1,0.013589036775132643
0,13.160137551062283,0,0.8571068368765311,0,0,2.4501333063780746,1,1.5331703245676662
1,9.013284235814977,1,-0.6077990447481911,0,0,-0.7257362520822104,0,0.23094990703236906
1,8.612414444718725,0,-0.047924606062427766,0,0,-0.02944309504200917,0,3.89351605230208
0,16.788310654984336,0,-0.8058324703315908,1,0,-0.7989047224182773,1,-0.1685136051080105
0,9.80549055558671,0,0.15399933140900718,0,0,0.12832474733136062,0,1.5095010293868478
1,13.212182780901802,1,0.6344683809595068,1,1,0.6566397910145028,0,0.46632122672989684
1,11.772117864786672,1,0.6302664333147759,0,0,-0.7732458070497162,0,0.297220989646547
1,8.168602431397323,0,-0.983571952915415,1,0,-1.5927573604917145,1,-3.50802832476521
0,14.364247637646029,0,1.4016847264030368,1,1,1.0037395547716743,1,-1.6703672501829923
1,12.69241949397182,1,1.6298959079841076,0,0,2.3165934709507345,0,2.572272693313153
1,17.59913342485003,1,0.5589017606592497,0,1,0.932269731278702,0,4.26792375811365
1,12.469838338507952,0,0.29217793126942615,1,0,-0.5517161576001546,1,-0.69944373671911
1,10.673816967196588,0,0.19408107299304642,1,1,0.9398330875737152,0,-0.47674665804416905
0,13.113179653221456,0,0.38867774247196113,1,1,1.5463949601095066,1,0.11635018229914768
1,7.257633403858644,1,0.4589999227612242,0,0,-0.7578414139078973,0,2.8742630070241075
0,8.656423786425613,0,0.2233878568124249,1,0,0.29396320533162873,1,-0.05087705215900051
1,14.041093004557723,0,0.8042341009603098,0,0,0.18561926494638736,0,4.085142482871969
1,10.667516395104206,1,-0.21909337842649168,0,0,-0.7305667457055289,0,2.140220752629695
0,11.736156214590146,0,1.2467064906480743,0,0,1.7839316775222926,0,-0.7589738915940956
1,11.539113162312201,1,0.08770831985249834,0,0,1.0349492471097488,0,2.8032842327673375
0,9.397949524901883,0,-1.6617145212871436,0,0,-1.1875780893014525,0,1.9153729741630903
0,3.9252453636703315,0,-0.06046791574670005,0,1,-0.5560597925130044,0,-0.03697618612636422
1,13.39533988070637,0,0.5909738514609377,1,0,1.6446392595698252,1,-0.652990394680923
0,15.046558030587434,0,1.3804972531395752,0,0,2.562852465291932,0,2.3453468247895053
1,6.8451350585994994,0,0.13866178320110256,1,1,-0.9922694417829049,0,0.24259472326044984
0,17.929610873834427,1,-1.7607730929326575,0,0,-1.268308458632803,0,3.0105701637481985
0,13.54061929474894,1,0.1402379588728508,0,0,-0.8840206185328042,0,1.5853939191686834
1,17.366561179975488,0,-1.015546310167719,0,0,0.6148528407025595,1,0.007710798818466924
0,8.171318115030846,0,-0.8943925224994403,0,0,-0.5426197633210167,0,0.25184400608691426
0,12.667125153417004,1,-0.8989557997007983,0,0,0.2948507730203773,1,0.49796727038552135
0,11.599944164244766,1,-0.6832274828701151,0,0,-0.17908423972156523,0,2.6751430844574555
1,15.074029727527105,0,1.2978693878319634,1,0,1.1303392984084795,1,0.11519287302401121
1,9.696561728349227,1,-0.7245632822603503,0,0,0.11289087717904378,1,0.9814136960011383
0,11.959609312190155,0,-0.31946668083106433,1,0,-1.5031883344666883,0,-1.470010550720941
0,4.88536340502422,0,0.233027095450495,0,0,-1.1508016968969517,0,1.291600042302105
0,8.889514228518,0,0.9792747678643702,0,0,0.4370162718147592,0,0.6420569963219624
1,12.50013553466044,0,-0.5317036547283803,0,1,-0.1530843483403,0,3.0281824765419376
1,9.174714030447106,1,-0.7244767235655242,0,0,-1.0564176537662855,0,1.5862127570185947
1,11.82572205675408,0,-0.3903585016463003,1,0,-0.9472200229742226,1,-2.2655998214074264
1,10.128296104299121,1,-1.0604357381903848,0,0,-0.0483012731016067,1,-0.5743843083856055
1,14.427720544645961,0,1.0743105549162715,1,0,0.5063950464842294,0,2.7469317390047165
1,16.67395323499825,0,-2.005218601748962,0,0,-0.8740221975922999,0,1.7511489375684186
1,8.709994348769909,1,-0.43059213386720113,0,1,-1.1264281081068694,0,0.12079256553374762
0,10.771853765621087,1,-1.3334214844376642,0,0,-1.4821863094582008,0,2.869942952204426
0,17.75904503347897,1,-1.7791943338549867,0,0,-2.427917228298743,0,3.460084662772039
0,3.2043069832651714,0,0.06070126691191352,0,0,-0.33345498485827,0,0.6465829712534483
0,10.72064883303706,0,1.6454421496531486,0,0,0.5909517696421112,0,3.8443780924609166
1,20.25881713657337,0,1.8472285261655554,0,0,2.4868036698639653,0,3.1571618812393383
1,20.77436027625702,0,-0.34503260559019455,0,1,1.0350252960076323,0,2.210422095435353
0,12.626381293400598,0,-0.5706918955842377,0,1,-0.1610693884755029,1,0.32438339389116044
0,8.545564197545445,0,-0.4527706614961325,0,1,1.344952825140461,0,2.777887409960775
1,12.661829677961753,0,0.8467285285634688,1,1,-0.8767531794067216,1,-0.13669656558342125
0,9.388902416211922,0,-2.4678079388179017,1,1,-3.325470988601538,1,-0.9310654293684341
0,17.811269129165936,1,0.42581316571394956,0,0,1.1285702596967895,0,4.243020119380766
0,8.774069377187816,0,-0.3177996872356756,1,0,0.2033202949287855,1,-0.8409969985654879
0,13.491646380834993,0,-0.6090220330427538,1,1,-0.34710885018516346,0,2.196518025995644
1,14.479400298274768,0,-1.8513260283373767,1,0,-0.17084703323946338,0,2.2393497606989854
0,8.969959357216604,0,-0.1161268242107867,1,0,1.448962335804757,1,-0.9695251759674788
0,15.406098726024734,1,-1.4949957851956202,1,1,-3.000239159337275,0,0.5489949612946153
1,9.008280116334776,0,0.08477492797101126,0,0,-0.2525465237335619,1,-0.6318335727387627
0,14.52095931861592,1,-0.7496920843272601,0,1,-2.038515861813724,0,1.1110268537990318
1,16.38664653241421,1,0.22018618950770832,1,0,-0.8567213174745241,1,-0.6729825972681621
1,8.046228310467175,0,0.551466362488455,0,1,0.8701850397403261,0,2.68245737081992
0,16.43198016391839,0,-0.3394189655587604,1,0,-0.023691389952431807,0,0.5913319036302789
0,10.04186851515035,1,-0.9219797710644996,0,0,-1.6020127808485707,1,-1.1856862088563116
0,13.177413553747872,0,-0.47996809349283154,0,0,-0.046593513087611615,0,1.2000039519148376
1,12.807349889155079,0,-0.5293200043229427,0,0,-1.1390819336075992,0,1.8124726439391414
1,10.291214454647193,0,-1.3803636845089982,0,0,-1.038037671078757,0,3.0380886867561996
1,13.072411479991139,1,-0.639894099106285,0,1,-0.4060247287842223,1,-0.20665766920896378
1,7.07827629830465,0,-0.1126223718741065,1,0,-0.5358521895874712,1,-2.2179010022761787
0,11.455452511260143,1,-0.10627878468679793,0,0,-0.9518167225495803,1,-0.07014425401830987
0,15.303163326660682,0,0.4825733731538986,1,0,-0.029720053672025626,1,-1.4411040137813678
0,3.3035014030827448,0,1.3249107371543674,0,1,1.8490919553080432,0,3.115140791576473
0,6.048295250566981,1,0.39415398416953656,0,0,-0.03954490720185844,0,1.2950132369582348
1,7.3522497696121105,0,1.5593094724381775,0,0,1.297324178526725,1,0.9257441800910524
0,5.643641223418281,0,-0.5914895524861233,0,0,-1.6048138222103743,0,1.8828529360251374
0,13.678332157185435,1,1.487451731572183,0,0,1.1901202563212445,0,3.400816051699136
1,8.028286600975957,0,0.6836917738273667,0,0,0.7291179960359094,0,0.26951480380809945
1,3.341811658684108,0,-1.1482907686471908,0,0,-1.8539814975217745,0,-0.9172958525122823
1,9.449724939678202,1,0.5066682618820063,1,0,0.008453171950268068,1,-1.184361396726934
1,10.437458994100776,0,-1.1233182506284696,0,0,-2.129637781031949,1,-0.9404856763289333
1,15.42714189511244,0,1.1115020946428364,1,0,1.8049382708344144,1,-0.625548010575965
1,7.584991456004684,0,-0.45389623046753647,0,0,1.8217288620025314,0,1.820647004997692
1,16.645157022954784,0,-0.05965861680707113,1,0,-0.5284372754975581,1,0.9694123865087018
1,13.59345086251442,0,-0.5336019803180878,0,1,0.05899881559665626,0,2.109341813979235
0,13.449408630542178,0,-0.7176842060588748,0,0,0.9987773273152416,1,-0.07292721172445893
0,8.58989731874199,1,1.7880386823842018,1,0,1.2894934930990096,1,0.7542274655895496
1,19.814671519592153,0,1.199951238098694,0,0,0.9989329692095237,1,1.2049092225745268
1,11.342916671611379,0,0.798642243743562,0,0,1.5493465532301587,0,2.4865811857246074
1,4.700409663286667,0,0.13062405563680382,0,0,-0.7847176470133275,0,-0.18193526407070992
0,11.184574114430017,0,0.848179555696108,0,0,0.7868887937507713,0,3.0250768219176467
0,4.262223717071797,1,0.7043350140866689,1,0,-0.006207824003742979,1,-0.396363806562271
1,10.757959536853306,1,1.7211001937498196,1,1,0.6508427653016885,0,2.120257933681528
1,10.311091987241525,0,0.9631506980848549,0,0,1.476957576644327,1,-1.0230666754510112
0,14.72731876161364,1,-0.05891581884137764,0,0,-0.05045652440069115,0,3.9130153227722424
0,16.037984742949966,0,-0.05451309583039615,0,0,2.2753925440122056,0,2.7610937084007787
1,9.095580140395382,1,-0.3671167629321733,0,1,-3.1291788565622958,0,3.320333386966488
0,15.224435473500103,0,-0.21149420608083291,0,0,0.5860320781569157,0,3.104390392929284
0,17.697292438675053,1,-0.05971101510877655,0,0,-0.7040597978026243,0,3.045196534731175
1,8.863423980629415,0,1.3215149894045604,0,0,1.1139200596327705,1,1.9168004273138814
0,9.39038253400267,0,-2.2344558073580636,0,1,-3.229352965894032,0,2.901501991835797
1,14.603113452614728,1,-0.5458146938841941,0,0,0.16861692949723234,0,2.754724746574783
1,12.732191879775742,0,0.004441199431100801,1,0,1.2771808875107107,1,-1.4474081944514228
0,14.195099841777132,0,-1.1413074053354286,0,0,-0.5102442063143915,0,3.2190951837866577
1,17.61873717819025,1,1.8052879818874348,0,1,1.0596188293126902,0,3.942513065632338
1,13.548332478305582,0,-0.0884649762288022,0,1,1.6514958173967644,0,2.3719744288107925
0,16.206805080701493,1,-0.9548500804065767,0,1,-0.9565086951850812,0,2.6102181151334056
0,14.491621849348777,0,-0.7466975683171878,0,0,-0.4230426480418831,0,2.0894102043550897
0,13.73448155923542,1,1.009739978105794,0,0,1.0978461648690105,1,-1.0507541181720397
0,13.544337752737649,0,2.0044527180314655,0,0,1.9240953719784337,0,3.4175191001586307
1,17.16529321783232,0,0.057384428366082124,0,0,0.3000144435850367,0,1.0879227194690746
0,7.990960505157382,0,0.18693841242788656,0,1,-0.7637047191043963,0,2.3918131116732075
0,7.579269083370022,0,-0.8727423692214032,1,0,0.1562616239351482,1,-2.747368262413679
1,14.367784013588837,0,1.4703225508650712,0,0,2.2503292759395244,0,3.6432578856736457
0,11.521241343467544,1,0.8378693397806448,1,0,0.831910308593664,1,0.15088494673329556
0,12.296020846739841,0,-2.206293254390133,0,0,-1.1379273160702792,0,3.8744747964243635
1,14.965109508685597,0,-0.48558145073066966,1,0,-1.7680791463664338,0,-0.24293376420599366
0,15.013180191396305,1,-0.08398569242756573,0,1,1.151275073091825,0,4.086472830746463
1,10.94931798655289,0,-0.9886674935149965,0,0,-0.677172440121826,0,1.5440724528423466
0,10.74982452401159,1,-0.1657259303620408,0,0,0.4449933417896127,0,2.3799395149150975
1,12.294394436031478,1,-1.0004972099038796,0,0,-1.34326525962154,1,-0.6533779417994847
0,16.252071157178975,1,0.5218286653023622,0,0,-0.09794420966702211,0,3.0206645426347376
0,13.704081946716018,0,0.47268558333229715,0,0,0.06352335242899765,0,1.2717680414704897
0,17.732030043292777,1,0.9883046535723082,0,1,2.2018780002804528,0,2.7114474921081753
1,11.969452518320113,0,0.5461506611167717,0,0,1.746621841332599,0,3.166876573666156
1,16.502670420883014,0,1.7691407430626924,0,1,3.479039845378268,1,-1.3400741138209011
1,15.532009244068986,1,-0.22081778484741107,1,0,-0.33749489790210907,1,-0.9770711197380113
1,14.448333843600281,1,-1.9988200290004277,1,1,-2.8203931333178938,1,-1.3532757488182612
1,13.658802827113858,1,0.1722472413510256,0,1,1.7713014433747754,0,3.6666516815415435
1,10.880470411429927,0,0.7686535491397963,0,0,-0.6844866418444467,0,2.1817710374431494
0,11.563849963323072,0,-0.28559709987957227,0,0,-0.32884397853550174,0,0.7363583546177923
0,12.917581982833868,1,1.53005229746125,0,0,2.262485137078598,0,4.227135585139971
0,12.195555562717145,1,1.2167242343132398,0,0,0.17639505086085872,0,3.310562810327991
0,15.772897873544881,0,0.6952222776566642,0,1,-0.7071445273987599,0,4.273596032846823
1,11.562731507254275,0,0.19540207284715339,0,0,0.7902149735331052,0,1.141416332420607
1,11.718492313648689,0,-0.4243157100572982,1,0,1.1039197205559776,1,1.107250868169555
0,10.062723649737341,0,-0.07631613128456934,0,1,-0.6904254232257531,0,3.4738092766453614
1,11.446654685826687,0,0.5936443945281917,1,1,-0.18857649578019703,0,2.463747773205971
0,11.724937430784623,1,1.0850461625555363,0,0,0.2606917707452896,1,-0.9855410865347549
1,2.7450569044023396,0,-0.25866408777030847,1,0,1.0435124802776405,0,0.21517895474770976
1,6.540673211142731,1,-0.6528465263122085,1,0,-1.5053749885714327,1,-1.6487290575557147
0,11.710052360192163,0,2.5927063854680226,0,0,1.8723631026436276,0,1.1769698869843361
0,10.938864900542004,0,0.6279458193551204,1,1,-0.2666955210089238,1,-0.7509230764454837
0,7.196522687170256,0,-0.83163797846575,0,0,-1.3475767412631279,0,2.22763816781372
0,4.033847295827925,1,0.9713175293015301,0,1,0.4139380603102786,1,0.2010755800560623
1,10.582523120346293,0,0.17751172910131596,0,0,0.8797844348649311,0,2.2754739754138895
1,14.613983062777105,0,0.9829290791494042,0,0,1.4207970224979867,0,3.9923636456149927
1,19.09295452771026,0,0.2527264978379315,0,0,0.9084042971399615,0,2.1363518588997996
0,11.846172825162647,0,0.060032677006416936,0,0,-0.45170588462489625,1,0.8873664832956625
0,17.972739362510865,1,0.2703390143373692,0,0,1.1745807180340473,1,2.0998193202080193
1,12.332088630543874,0,0.5461016833579869,1,0,-2.5837122729141666,0,-0.7906542632025696
0,12.462128417038238,1,-0.48546444737354805,0,1,0.7668590081640201,0,0.80889679838131
0,13.299301253394987,0,-0.5223702177391899,0,1,-0.18953082186186493,1,1.6525987660442807
0,8.517691018956324,1,-0.09960229594979743,0,1,-0.41952757204861246,1,-0.0828523256475639
0,11.793127148420467,1,0.28923270312129407,0,0,0.8826914738511107,0,4.751052334865484
0,15.633790795169002,0,-0.16103854731770637,1,0,-1.427822723302541,1,-0.39355110159143736
0,9.001096852591244,1,0.40699553098381414,0,0,-0.1357070550785497,0,1.8454332408328535
0,10.713575720448157,0,-0.9945996553975163,0,0,-0.7782922805133085,1,-1.8152189226952742
0,7.408916998162982,0,-1.3568692828857472,1,0,-3.045336697040212,1,-2.6675730853737036
0,13.417408785797418,0,2.026184720366057,1,0,1.920113375409184,0,0.3470636880242386
0,13.699199129556089,0,0.534869104355872,0,1,0.6355311659327031,1,3.745770179438491
1,14.593389404896328,1,-0.24109423934561552,0,0,-0.3840859267885615,0,0.9028914748269248
0,7.120759873932392,1,-0.2087502497510395,0,1,-1.4306721003911074,0,2.447334662542564
0,12.428940139019057,0,0.9094079324337505,0,0,2.200498139969205,0,4.0244878843366045
1,8.223769233400617,0,-0.11808312189535022,0,0,-1.5312194766740033,0,0.9923213058939266
1,11.998461405135906,0,0.32209957792804234,1,0,-1.2450362183404102,1,-1.0947776322874354
0,17.37049568002432,0,-0.09102066929820804,0,1,-0.499956068764855,1,-0.04479442968130232
1,9.985898852262897,1,-0.39153206941412966,0,1,1.2476307100207589,1,0.4421386851569808
0,14.8667332837553,0,0.7508571463578086,0,0,1.0064074099603317,0,2.326949126278415
1,9.00132566366522,0,0.24150781498680035,0,1,0.5810878003762315,0,1.463005588238391
1,10.085887158198778,0,1.4126715385523267,0,0,1.2875417082470186,0,2.6630741439562677
0,13.754887002346466,0,-0.9878479876512787,0,0,-0.5794517059767251,0,1.4268589883532932
0,9.28355091816853,0,-0.04247189686770962,0,1,0.6835528597178678,0,0.9200409880420881
0,5.188140659418259,0,-0.1571075422256054,0,1,0.6022431958832114,0,2.862252942469641
1,17.060673740853318,1,-0.8942555965051397,0,1,0.6370326092954066,1,1.2354718010379042
1,13.441428951519386,0,1.1422730157734622,0,0,0.4886311712110267,1,-1.3809791571737433
1,9.665442237759642,1,-7.453266965472549e-4,1,0,-0.27220444921635717,1,-1.9817195436978037
0,4.023684850677597,1,-1.3453211419246913,0,0,-0.8915456302103004,0,2.0753054589212727
1,19.608839085597218,0,-0.38605223653824794,0,1,0.6251118796463015,0,2.2883939827196276
1,25.56148328508617,0,-0.8397187277952329,0,1,-0.9271261437210374,0,4.345617894697288
1,12.829921629421825,1,1.1773877289086359,1,1,1.7464609106132536,0,1.504809747717597
0,15.399226590044757,1,2.6968967227625544,0,0,2.302436305725539,0,1.582452879326075
0,16.898241248296642,0,-0.5047334066534448,0,0,-0.6772274468389459,0,3.0251789976613317
0,9.192782265845565,0,-3.021854433419985e-4,0,0,1.1037694034666086,1,-2.3488715066279955
0,10.595215081773839,0,0.3856871851083963,0,0,-1.3911151659263936,1,-0.8655413765595544
1,5.0915158534192155,0,2.769874577541,0,0,3.032336476798408,0,1.8296346797876188
0,9.053687070912511,1,-2.238466592966613,0,1,-1.221989730635343,0,2.3118926714531893
1,14.489639131544457,0,-0.35905934438087145,1,0,-0.7689399347880446,0,1.352179605952304
0,10.837136043036518,0,-1.0944233967973784,0,0,-0.36119630663739255,0,2.126049205271381
1,11.143153863267692,0,-0.10619326760423747,0,0,-0.7112580227125266,0,3.1570240405336776
1,11.549761793989935,0,-0.15040159964610791,0,0,0.1263034326571772,0,3.694867681652243
1,4.545332070017581,1,-0.6743554853247546,0,0,-0.6291234077088831,0,2.9606534467753933
1,15.350519736926682,0,1.9976609148928124,1,0,1.9125743940959583,0,0.4062539884551648
1,6.226028444258316,0,0.3293256215075605,0,0,-0.8942013581954305,1,-1.5626987280063593
0,11.165719350337406,1,2.5052425676913352,1,1,2.2543117201240253,1,-1.2812475661558773
0,10.245746151764678,0,0.9260740877359996,0,1,0.2145788812362378,0,2.04904472031473
1,11.125624732575208,0,-1.1440559029302846,1,0,-1.6024069370478928,0,0.8974216670691544
1,17.839863778943144,0,-0.5650925772787524,0,0,0.6275500557785016,1,0.8965581858192453
1,9.671760328338522,1,0.3797560224463376,0,0,-0.1001189563271766,0,1.5159598324043613
0,8.867609617152414,0,-0.4892228449135183,0,0,-0.43327590981235,0,1.6448043530692547
1,5.92138402022462,0,0.42350352927985657,1,1,0.3757409913132209,1,-1.5407971401381133
0,8.777207673555003,0,0.8203447186937683,0,0,0.7186507610169035,0,1.1608013109102755
1,7.335261170529046,0,0.504474888356361,1,0,1.1739179906186255,1,-1.9553373527284674
0,13.631784784993183,0,0.0017050136790817128,0,0,0.09557503768954831,1,-0.446757805268951
0,8.547983015968494,0,-0.5580591037028906,0,1,-0.31768104787968787,0,1.6840510140665286
0,13.216168140112543,1,-1.1571590077630394,0,1,-1.9152785268448058,0,0.944020114415814
0,11.414290048608319,1,0.4550377990843971,1,1,-0.013078376642482792,0,2.7716891976555265
1,6.265751280356784,0,0.9949931868964648,0,1,0.40064626767520206,0,3.8578213720635763
1,8.837568857109208,0,0.018706278825913678,0,1,0.5713602594225341,0,0.889144580751841
1,15.540449820230709,0,0.9190221509267874,0,0,2.2159555724214233,1,2.052757031385104
1,15.61230434381827,0,2.3936527269621837,0,1,2.0791442767040995,1,1.2903034336746457
0,20.02229309720251,0,2.1340442129297315,0,0,0.1190047590560459,0,3.052784807349568
1,11.985678766400877,1,-0.3650486891121263,0,1,-1.1007046739622486,0,2.2368839072655153
0,6.016692744071441,0,0.6068787688357802,0,0,-0.2672301983972394,0,2.0053768851778635
0,8.926331891939363,0,-0.6129473188267405,0,0,0.6570707873503163,0,2.12676100202839
1,13.633954019360594,1,0.8361529640952163,1,0,0.9054861882464778,0,0.4835757739193052
0,19.600545339578886,0,0.13764231331904025,1,1,1.6983852261129777,0,2.8378315124228637
0,12.44003649375889,0,0.4019879430042349,0,1,0.927292435487203,1,1.7040017635354774
1,16.56154730051388,1,-0.6833991414040622,1,1,-2.2753408891111784,1,-0.8248229873769052
0,15.072325218769045,1,1.3561011680203328,0,1,2.0017350384664563,0,2.083158874212929
1,7.327633511530667,1,-9.036313615627678e-4,0,0,-0.6854811910969155,1,-2.2556355732119258
0,11.315549390940566,0,-0.3327644640456576,0,0,-0.21900561074589325,0,2.7104594520745793
0,17.22104614539073,0,0.09558908883872054,1,0,-0.03385382083213806,1,-0.33858745395661993
0,15.504384438383655,1,0.23144222437971168,1,0,0.042427926133893346,1,-1.0243190840214884
1,13.855184566271191,1,1.785415857356557,0,0,1.5825986462854171,0,2.727641549406755
1,13.908456981507516,1,-0.9616394185186747,0,0,1.0886533059096113,0,1.7125833568298128
0,10.034378799162392,0,2.5593349914826056,0,0,4.16953363745103,0,2.7549760198314335
0,6.722458746623192,1,-0.7060877989967802,1,1,-1.7281476096016994,0,1.0124924358173735
1,17.18170316332523,0,0.35646040659331724,0,1,0.71695764527416594,0,1.0226688708940137
1,6.319122033332285,0,-1.9849501444159297,0,1,-0.7803942441286991,0,0.6915128263933922
1,8.244416321176681,1,-0.562016367117955,0,0,0.6129533667644974,1,-1.5746044721056547
1,14.515859970079362,0,0.8869319638295265,0,1,0.1267075174670389,1,-0.5603823564203407
0,6.951221802441595,0,0.5747452766034356,0,0,2.0540583934753505,0,3.6584359306440524
1,9.792518346908833,0,0.518497405221637,1,0,-0.2981732083451543,1,-0.08677875667769852
1,7.268801972870089,0,-0.3840772838039856,0,1,-0.19474673080690807,1,0.6522663745469575
1,14.4826542309158,1,-1.6887459237486713,0,0,-1.3851635776460796,0,1.6004493632995858
0,13.785252066552383,1,-0.9349721063938934,0,0,-2.7171107102821725,1,1.0196316777030212
1,13.68753877309475,0,-0.08295337759309529,0,0,-0.089385410095854,1,-1.07026708610316
1,13.769859088582546,0,0.7693357658765259,0,1,-1.203352216257584,0,0.3403414186111948
0,14.228982985515756,1,0.9797353112448559,0,0,-0.8443133630817621,1,-2.773010092828769
1,14.557425967882068,1,-0.14731378947508847,0,1,0.3087759026209515,0,2.9448113216934604
1,4.125353773303113,0,-0.10029899667935785,0,0,0.27219796168766386,0,1.3034455787344008
0,11.404734554560529,0,-0.04880417697813587,1,1,0.8395778692668252,0,0.9182975626654516
0,12.449855250207603,0,0.18234408545780176,1,1,0.48638883617926604,0,2.231421792336613
0,14.898704810591038,0,1.6861319336920633,0,0,1.161349686183836,0,2.7645077181521165
0,7.25005569597886,0,-0.6542119711306031,0,0,-1.3824384882745708,1,-0.8540406798839898
1,10.001599240736349,1,-0.09474672714498955,0,0,0.7998237720545851,0,3.234346301872352
1,7.705428036995366,0,0.16578057281294967,0,0,1.6838705019406208,0,3.347265675149819
1,16.22896085083872,0,-1.1659762846766715,0,1,-0.21489296514363743,1,1.8223428597650804
1,17.116290332837334,0,-0.7398663318745745,0,0,-0.36177863916652164,1,1.0358639863159407
1,15.15070690143693,0,0.3617690176234753,1,1,0.23427889035543686,1,-1.2295388839118124
1,7.1103864696920365,0,0.5081729924360151,1,0,1.9976938192404317,1,-1.3277491055801565
0,13.807808466946614,0,1.2781682940497805,0,0,-1.075440602703067,1,0.12128715286458594
0,16.601796745523664,0,-0.29968798898327054,0,1,0.8592390794407758,0,3.3816132738954012
0,12.671763922945836,1,1.5806182604638124,0,0,1.539640617740264,1,1.6930178978813546
1,9.73556266841612,0,-0.757200590635374,0,1,-1.7969461435944036,1,-1.605303474317969
1,7.6555270375546,0,-1.5097278091267181,1,1,-0.8065104983504245,0,-0.551368460598853
1,9.338788817759376,0,-1.8426255573743997,0,0,-2.739516315680255,0,1.1259296586353138
1,14.859393423797355,0,1.2626442091785568,1,0,1.5452441316463141,0,0.12408057664883043
1,10.273355598472289,0,0.4176056672901786,0,0,0.6958737844524745,0,3.0832162805828744
1,12.91045975976035,0,0.008682707649077692,1,0,0.06898691824195538,1,-1.0533032501300426
1,17.17978318268122,0,-0.11181555518508182,0,0,-1.802115126137688,1,-2.5352459561864653
1,14.31333976187782,0,1.7393888530255448,0,0,2.034942268743009,1,0.3998433391217926
1,17.45869112589416,1,1.3857324153181891,0,0,1.0571403637458867,1,0.9687083178534801
1,5.193680789358375,1,-0.9418029033056661,1,0,-1.8036511619495124,0,-0.8126127515471852
0,10.877294881144831,1,-1.2822440340047772,0,0,-2.3570917915418663,0,0.35050147301401524
0,12.260272077968773,0,1.2078986017095523,0,1,0.19180314045533686,0,2.6774140246349614
0,14.314357166434059,0,0.7037553776816831,0,1,0.0012954808151539599,0,4.05558029844944
1,7.323173513884119,0,-0.4277492499508726,1,0,0.6824728932630051,0,0.1893497076849312
1,15.224739421789154,0,0.5586993597889888,0,0,1.3961117658966584,1,1.7120052840268725
0,13.229560304649333,0,-1.890935500864868,1,1,-1.6838074175103346,1,0.7973980988677815
1,13.055224054418867,0,-0.5245892323892577,1,0,1.1124482808047502,1,-1.9260505658480982
1,14.033939166420183,0,0.585346597190299,0,0,2.327767186219622,0,3.5345605062234324
1,11.534566240492023,0,0.05243402338095837,1,0,0.8607404538867078,1,-0.9723758501186623
0,15.702184393996454,1,-1.1248658001753706,0,1,-2.151285942477216,0,2.785723154159942
0,14.59291909492596,1,1.1611953216262298,1,0,2.540204536484856,1,1.7325290734508962
1,11.399162503329203,0,1.28705096423531,1,1,0.9889159537842244,1,0.5281945159000021
0,16.161508077362797,0,-0.7784247576833729,0,1,-0.8594809748272482,1,0.3617974878954389
0,13.170234739784727,1,-0.05376428172517134,1,0,0.11547818526833803,1,-2.150712623900153
1,14.675005597757858,0,0.8873639954378274,0,0,1.0870517669577071,0,2.848024823166814
1,9.623289433503114,0,0.9699577370536938,0,0,0.56231057783383,0,2.402363720420751
1,18.321727347943682,0,-0.3355303411554279,0,0,0.5225564073655673,0,3.950258428920865
0,11.984044222600065,1,-0.7586993973420985,1,1,-1.3209014455470083,1,0.7736224666101608
1,15.391371075573902,0,0.5089891176011261,1,0,-0.11189233899480794,1,-0.4577825074458469
0,11.599533896429236,0,-1.8000228790653807,0,0,-1.9383209476058143,0,1.9398421981047527
1,10.881480372077602,1,-0.8312627856275866,1,1,-1.6921308531637174,0,1.3904458072466925
1,15.137752981120025,1,0.9349646568686423,1,0,1.0300241930401879,0,2.603226399675822
0,5.661533421635301,1,-1.6471830712979505,1,1,-1.887821235495526,0,0.7559941416554209
1,13.913464591176123,1,-1.0516424808708784,0,0,-1.2184084113303502,0,1.5586121803176476
1,13.574265491979258,0,-0.09504240869457417,0,1,0.494491627788153,1,-0.39785685635843693
1,1.2186825235019345,0,-0.27988667590219224,0,1,-2.102530789050319,0,0.9150013273419246
0,13.473509314133027,1,-1.6193096645459515,0,0,-1.2321326594752642,0,2.0856473978850616
1,3.3263290106119783,0,0.5526421319970394,0,1,1.4771536765839428,0,1.8284823605531675
1,14.63921750757088,0,-0.8650641620080547,0,0,0.1517687029239133,1,-0.09988748026157473
1,10.184345066475238,0,-0.04621548673846601,0,0,2.277398062756133,0,1.6829116347629216
0,9.220252699060424,1,-0.10436968001035032,0,1,-0.6520019833885478,0,3.117597563925065
1,11.97261478730934,1,0.8263548887042804,0,0,-0.044022617913783146,1,-0.15501340442002462
0,17.492208179935957,0,0.10894062208574903,0,1,0.6099606798746369,0,4.829750357808964
0,9.458707691128424,0,-0.03976090863697608,0,0,-1.6304362267590382,1,-1.1631607937011048
0,14.232413175795108,0,1.7970649757601673,0,0,3.1500806795037253,0,1.209310180011316
0,13.36463147368751,0,0.5055411967571887,0,0,-0.4079260791333632,1,0.0949053581603482
0,7.281925483433771,0,0.6963597174444405,0,0,1.2077257479796444,1,0.881681671983279
0,5.0359119306641205,1,0.5252577461373384,1,0,0.03781167703145927,0,0.3576734563997176
0,4.029656915043428,1,0.6119311957956759,0,0,-1.7272486207976747,0,-0.5213457237382804
0,14.205096845871555,0,1.477787435496709,0,0,1.8791832963584887,1,0.213675942490965
0,11.861031753874807,0,0.06150615657215473,0,1,-0.922888208666771,0,2.3624869283245378
1,19.402286814442487,1,0.4468668145668568,0,1,1.5531907418192357,1,2.755173316582493
0,14.29470043305218,1,2.1125811371447916,0,1,-0.19596286816871045,0,3.913579907645053
1,15.398783564330435,0,-0.3660504777861747,1,0,-0.5530664613678066,1,0.05038118694118365
0,17.33753434133981,0,1.464384322949635,0,0,0.5843626559962953,0,3.3220080830157146
0,9.997123608140106,0,-0.5071069599909203,0,0,0.7200301774046951,0,1.3301180352801627
1,14.040391712913957,0,1.8605435924493698,0,0,1.263112870349777,0,3.2678139569126214
1,15.475173080976617,0,-0.5014956489508882,0,1,0.5785966710670563,0,4.081637727937242
0,17.477406752012108,0,-0.6395982091951342,0,0,-0.9331162455107638,0,3.303317526745089
0,15.050604585305475,1,1.1869086703025817,1,0,1.2672357849238063,1,0.9450507375670995
0,13.684588692149331,0,1.1017774195344043,0,0,2.700976147650316,1,1.212761398727817
1,8.527103810915108,0,0.6469818755692318,0,0,0.04008353803531062,0,2.679278533732001
0,14.918241443830773,0,0.42237094377859064,0,0,2.3901717449576294,1,2.3734270711374497
1,14.00106348967315,1,0.391870438238631,0,0,1.508039441382652,0,1.5334306357782257
0,14.537001014827641,0,2.2001307161947823,0,0,3.6301020481099053,0,4.698852431821159
1,13.694580182289027,0,-1.285588693395197,0,1,-3.405043460972582,1,0.6533176255902262
1,11.192647821159984,0,-0.8644098388416694,0,0,-0.9309999922183264,1,0.43843654401489374
1,11.692536406263944,0,-1.1522147588434533,1,0,-2.7119060222965405,1,-1.4895797939049311
0,14.749456453126067,0,1.1082500549076044,0,1,2.015019655428068,1,0.3229370504159046
1,12.68652602769816,1,-0.10877667505688576,0,0,1.2308656144500503,0,1.064735920748948
0,8.679565702692047,0,-0.04321279886987582,0,0,-0.5739525309845579,1,0.05586310568980776
1,10.83936352077733,0,1.901700453546908,1,0,1.288320146531162,1,-0.992735255189281
0,6.723497103293964,1,-0.5117914817515966,0,0,-2.0661367037030915,0,2.3241521416626463
1,8.131872389324354,0,2.1141133251365276,0,0,2.976369684364366,1,0.19214064003607
0,11.421555719457931,1,-1.2952252564490547,0,0,0.2805122559640567,0,1.8271715209053325
0,4.807469774500298,1,1.3659103107934936,0,0,-0.2859472071749316,1,0.9349286514063394
1,5.245830101633685,0,0.3855793035911643,0,1,-1.384477140638207,1,-0.8176551512599952
1,16.410260797744336,0,-0.21449791201418178,1,1,0.8837457933846695,1,-0.6466848726719792
0,9.69352430315424,1,-0.07590166035553138,1,0,1.16957543991245,1,-0.11517320418685806
0,4.593233081794049,1,1.3849069985968574,0,0,1.8023957844880545,0,3.3230226290016445
0,11.5485470422841,0,1.8192913427997275,0,0,2.1770258455247347,0,1.6133862584005647
0,17.28427706888606,0,-1.5056250503624826,0,0,-1.9540408277717762,0,2.064402585904863
1,14.649017187738565,0,3.5775847802344374,1,1,3.853113022665627,1,0.10019074301885988
1,13.76553279341455,1,2.7255979823119176,0,1,2.401113184214392,0,3.0895706847608584
1,16.734983649119364,0,-0.34797199816442603,0,1,1.8526110508526585,0,3.5751989142940093
1,8.913994235596425,0,0.03475803714903043,1,0,-0.5354397055707443,1,-0.6756198928387062
1,14.918756765408148,1,-0.5043597878825908,0,0,-3.502556748223886,0,2.63842926178772
0,9.65165753688456,0,0.003515486778657706,1,0,0.39999427122358927,0,0.3155224376521508
0,12.003056745450056,0,0.8598900057003358,1,0,-0.4772210165273416,0,1.0909011320120545
0,20.857861277360506,0,0.3119414277041672,0,0,1.3432814686377155,1,2.1420484651243794
0,15.877737582837042,0,0.3507843740327058,0,0,-1.036534331491333,0,1.78598940897516
0,15.072030854868858,0,1.6295279112450798,0,0,1.5214674608054952,1,1.2678154067246266
0,7.566688352727361,0,-2.128201595053577,0,0,-1.6621273344022214,0,3.168427462517328
1,8.855056320021149,0,-0.3928924842016094,0,1,-0.5116121240812072,1,-1.3593274736807488
0,21.1364659210464,1,0.35578193047335327,1,0,-1.5798028897880971,1,0.531895180960551
1,7.626796944106757,0,-0.6968326678766164,0,1,-2.0582028718525995,0,1.4788123273011395
1,12.857917501140292,0,1.199545415298442,0,0,0.4677065480522484,0,1.178149683530408
1,15.57028423854829,1,-0.27980279973654365,0,0,1.4903691356268005,0,2.9184151390497473
0,16.075031889369033,0,-0.268429834879075,0,1,-0.23431767738403877,0,2.911172289803424
1,16.356448043676956,0,1.3625762809666213,1,1,2.5917427888814375,1,-0.6597697929961794
0,11.347484040459141,0,0.9477689134660956,0,0,1.2407399305865077,0,2.402772174063045
